district_name,state_name,pm25_mean_5yr,pm25_worst_month_avg,pm10_mean_5yr,pm10_worst_month_avg,no2_mean_5yr,so2_mean_5yr,co_mean_5yr,o3_mean_5yr,aqi_annual_mean,aqi_worst_month,data_as_of_year,pm25_data_source,aqi_worst_month_name,aqi_worst_year,pm25_mean_20yr,aqi_limiting_pollutant,pm25_zone,pm10_zone,no2_zone,so2_zone,co_zone,o3_zone,aqi_category_5yr,heat_wave_days_per_year,heat_stress_zone,flood_events_per_decade,cyclone_events_per_decade,earthquake_events_per_decade,disaster_insurance_loss_cr,disaster_frequency_score,hypertension_pct,diabetes_pct,obesity_pct,tobacco_use_pct,anaemia_pct,composite_risk_score,risk_tier,last_refreshed_at,pm25_mean_3yr,pm25_trend_5yr_pct,pm25_trend_direction,pm25_3yr_from_year,pm25_3yr_to_year,pm25_5yr_from_year,pm25_5yr_to_year,pm25_national_pctile,composite_national_pctile
Adilabad,Telangana,48.11167541264856,92.64401245117188,79.52408568064372,128.3915252685547,0.791471196214358,1.3694771235187848,12.226967509587606,2.824474710226059,227.79316666666668,348.16,2025,cams_gap_fill,December,2025,36.06358150370823,co,Satisfactory,Moderate,Good,Good,,,Poor,2,Low,0.23,0.28,0.0,22.11,1.56,24.75,11.8,15.7,20.35,61.1,23.08,Low,2026-07-08T10:43:19.313889+00:00,56.69224617216322,54.29,worsening,2023,2025,2021,2025,33.3,46.1
AgarMalwa,MadhyaPradesh,50.34865853686521,85.30345153808594,73.73587112426758,120.32888793945312,0.3541227792700132,0.3532417804002762,10.250504287083944,2.851849387089412,205.36816666666667,343.53,2025,cams_gap_fill,January,2024,45.35750486852806,co,Satisfactory,Moderate,Good,Good,,,Poor,3,Low,,,,,,23.2,19.2,8.8,20.1,59.2,21.13,Low,2026-07-08T10:43:19.313889+00:00,52.942378256056045,10.83,worsening,2023,2025,2021,2025,39.5,30.8
Agra,UttarPradesh,128.1802675260281,289.6689758300781,213.59026006062825,407.25189208984375,1.1194701393445332,1.4555721427003545,34.53371280034383,2.718472687403361,351.39950000000005,470.72,2025,cams_gap_fill,January,2024,97.67297773457688,co,Very Poor,Very Poor,Good,Good,,,Very Poor,7,Low,0.0,0.0,0.0,0.0,0.0,18.85,7.7,25.2,27.5,59.4,34.64,Medium,2026-07-08T10:43:19.313889+00:00,152.71374320983887,59.26,worsening,2023,2025,2021,2025,91.0,88.5
Ahmadabad,Gujarat,53.63038707942869,117.7286376953125,80.78263734181722,163.41856384277344,0.4935138317445914,0.648959282040596,10.494569957256315,2.5834695637226104,204.2185,350.4,2025,cams_gap_fill,December,2025,47.2666814636533,co,Satisfactory,Moderate,Good,Good,,,Poor,0,Low,0.12,0.09,0.01,27.94,0.75,,,,,,21.0,Low,2026-07-08T10:43:19.313889+00:00,57.532449298434784,20.54,worsening,2023,2025,2021,2025,47.3,29.4
Ahmadnagar,Maharashtra,52.049735554978,106.0372314453125,83.16164271036784,149.25022888183594,0.5113510260979335,0.6276703923940659,12.143580257892609,2.642057927449544,225.54533333333333,343.35,2025,cams_gap_fill,January,2023,40.11039485260531,co,Satisfactory,Moderate,Good,Good,,,Poor,0,Low,0.05,0.04,0.0,12.65,0.43,,,,,,21.19,Low,2026-07-08T10:43:19.313889+00:00,58.74015993542142,36.03,worsening,2023,2025,2021,2025,43.5,31.5
Aizawl,Mizoram,47.80820791735113,369.931640625,92.90194514592488,980.185302734375,0.3470266563196977,0.2439089539150396,19.617707224686946,2.0062948346138,234.8318333333333,500.0,2025,cams_gap_fill,March,2021,34.33401140037076,co,Satisfactory,Poor,Good,Good,,,Poor,0,Low,0.0,0.03,0.0,0.0,0.46,28.5,16.25,29.7,61.7,31.7,22.55,Low,2026-07-08T10:43:19.313889+00:00,60.35880388153924,60.4,worsening,2023,2025,2021,2025,32.4,43.0
Ajmer,Rajasthan,58.09394113792472,113.49485778808594,88.42495695749919,159.66615295410156,0.5940903807679813,0.4536853777865569,12.637321976820628,2.6742043713728587,226.93033333333327,393.65,2025,cams_gap_fill,January,2024,54.85554185933884,co,Satisfactory,Moderate,Good,Good,,,Poor,5,Low,0.05,0.03,0.0,4.32,0.46,13.8,7.7,18.9,21.35,52.7,20.83,Low,2026-07-08T10:43:19.313889+00:00,62.49739858839247,17.26,worsening,2023,2025,2021,2025,53.8,27.2
Akola,Maharashtra,53.89708332098167,103.51622772216795,81.7908561706543,143.61077880859375,0.575413137425979,0.8231575665374596,12.323748123645782,2.6366859714190167,226.5078333333333,349.45,2025,cams_gap_fill,December,2025,43.98061417922829,co,Satisfactory,Moderate,Good,Good,,,Poor,12,Moderate,0.05,0.04,0.0,12.65,0.43,19.25,9.7,19.6,27.2,52.6,22.54,Low,2026-07-08T10:43:19.313889+00:00,58.4794126616584,19.9,worsening,2023,2025,2021,2025,48.1,42.8
Alappuzha,Kerala,53.67349268754792,125.21438598632812,101.77046025594076,176.9355926513672,0.6088355471690495,0.614225306113561,16.602995109558105,2.4469039996465045,263.171,403.18,2025,cams_gap_fill,December,2025,31.0315295280741,co,Satisfactory,Poor,Good,Good,,,Poor,0,Low,0.18,0.0,0.01,6.99,0.67,34.15,25.3,41.9,10.05,31.9,26.92,Medium,2026-07-08T10:43:19.313889+00:00,72.99348041746352,192.39,worsening,2023,2025,2021,2025,47.6,65.5
Aligarh,UttarPradesh,137.1300487497124,311.2406005859375,238.0917744954427,437.8970947265625,1.4957041571537653,2.2101246962944665,36.3279178460439,2.6810411969820658,362.7101666666667,465.28,2025,cams_gap_fill,January,2024,99.34199586660188,co,Very Poor,Very Poor,Good,Good,,,Very Poor,4,Low,0.01,0.0,0.0,0.0,0.03,20.1,14.0,29.4,21.05,56.5,36.87,Medium,2026-07-08T10:43:19.313889+00:00,167.36877653333875,73.64,worsening,2023,2025,2021,2025,93.8,93.2
Alipurduar,WestBengal,51.41220249186547,118.79379272460938,69.48800198237102,167.335693359375,0.372914719581604,0.2569533909360567,17.511747741699217,2.6054219861825305,274.6988333333333,409.61,2025,cams_gap_fill,January,2025,52.27287683081119,co,Satisfactory,Moderate,Good,Good,,,Poor,0,Low,0.0,0.06,0.0,0.0,0.2,,,,,,22.73,Low,2026-07-08T10:43:19.313889+00:00,51.40808333290948,-6.43,stable,2023,2025,2021,2025,41.9,44.4
Alirajpur,MadhyaPradesh,53.87425806195129,104.178466796875,89.93745822906494,145.7194366455078,0.496147625396649,0.5973471646507581,13.07947367032369,2.6302037874857587,234.0215,356.25,2025,cams_gap_fill,January,2024,38.34431185211187,co,Satisfactory,Moderate,Good,Good,,,Poor,0,Low,0.0,0.0,0.0,0.0,0.0,24.85,7.65,10.9,28.45,60.5,20.73,Low,2026-07-08T10:43:19.313889+00:00,64.29491080178155,62.91,worsening,2023,2025,2021,2025,47.8,26.3
Allahabad,UttarPradesh,114.64032894647006,272.0268249511719,199.4490472157796,395.0545654296875,1.0994758864243823,1.3511680389444034,32.03259126345316,2.8837061087290445,341.7588333333333,463.94,2025,cams_gap_fill,January,2024,81.18035526110317,co,Poor,Very Poor,Good,Good,,,Very Poor,6,Low,0.0,0.1,0.0,0.0,0.37,,,,,,34.29,Medium,2026-07-08T10:43:19.313889+00:00,141.36147276560465,79.74,worsening,2023,2025,2021,2025,84.8,87.4
Almora,Uttarakhand,35.84957377393655,61.51393127441406,56.6911244392395,97.22486114501952,0.5360533605019252,0.3971054529150327,12.749327929814656,2.945405048131943,236.7775,342.48,2025,cams_gap_fill,January,2024,30.22078112856789,co,Satisfactory,Satisfactory,Good,Good,,,Poor,0,Low,0.13,0.0,0.0,4.38,0.78,28.9,11.75,19.5,24.9,33.4,21.07,Low,2026-07-08T10:43:19.313889+00:00,39.26304366853502,9.0,stable,2023,2025,2021,2025,12.7,30.2
Alwar,Rajasthan,91.21071984450776,190.8494110107422,153.51922671000162,267.308837890625,1.0306955536206563,1.1009523724516233,23.42652541001637,2.6544529298941293,307.4808333333333,433.11,2025,cams_gap_fill,January,2024,69.31360385047687,co,Poor,Very Poor,Good,Good,,,Very Poor,5,Low,0.05,0.03,0.0,4.32,0.46,23.05,6.1,17.3,26.1,53.2,29.19,Medium,2026-07-08T10:43:19.313889+00:00,108.5813644197252,53.82,worsening,2023,2025,2021,2025,75.1,73.7
Ambala,Haryana,103.07227021087763,219.1841735839844,187.9614351908366,307.3432312011719,1.180749519666036,1.5306344509124756,31.49322969118754,2.9063272376855216,357.23400000000004,449.98,2025,cams_gap_fill,January,2024,67.02612086129078,co,Poor,Very Poor,Good,Good,,,Very Poor,0,Low,0.04,0.01,0.0,0.41,0.3,30.0,12.35,41.6,11.4,46.1,33.52,Medium,2026-07-08T10:43:19.313889+00:00,132.77280277676053,124.27,worsening,2023,2025,2021,2025,80.6,83.6
AmbedkarNagar,UttarPradesh,128.14745891783377,287.6344299316406,218.0883490244548,408.9983825683594,1.1423858374357223,1.4925589978694915,34.354422394434614,3.060221509138743,353.1943333333333,461.11,2025,cams_gap_fill,January,2024,92.5319676618878,co,Very Poor,Very Poor,Good,Good,,,Very Poor,1,Low,,,,,,19.6,16.5,20.3,32.85,52.7,35.14,Medium,2026-07-08T10:43:19.313889+00:00,155.23943975236682,72.22,worsening,2023,2025,2021,2025,90.8,89.5
Amethi,UttarPradesh,120.18227782342386,259.9510498046875,200.686806233724,384.1379089355469,1.066016922394435,1.2630992124478022,31.752554647127788,3.061902248859405,342.23133333333334,458.8,2025,cams_gap_fill,January,2024,90.82846805775124,co,Very Poor,Very Poor,Good,Good,,,Very Poor,2,Low,0.0,0.0,0.0,0.0,0.0,20.2,12.45,23.5,30.4,46.1,33.4,Medium,2026-07-08T10:43:19.313889+00:00,143.7044743431939,66.29,worsening,2023,2025,2021,2025,87.7,82.8
Amravati,Maharashtra,52.33549392856803,103.51622772216795,81.7908561706543,143.61077880859375,0.575413137425979,0.8231575665374596,12.323748123645782,2.6366859714190167,226.5078333333333,349.45,2025,cams_gap_fill,December,2025,41.70521101796154,co,Satisfactory,Moderate,Good,Good,,,Poor,14,Moderate,0.08,0.04,0.0,12.65,0.52,19.25,11.7,20.3,24.9,53.4,23.13,Low,2026-07-08T10:43:19.313889+00:00,58.4794126616584,30.18,worsening,2023,2025,2021,2025,44.8,46.4
Amreli,Gujarat,47.014555283139885,115.3454818725586,75.67761414845785,159.77972412109375,0.8330322640637556,1.8244804133971533,9.140270801385244,2.499987437327703,191.76266666666663,319.32,2025,cams_gap_fill,November,2024,37.243406219331455,co,Satisfactory,Moderate,Good,Good,,,Moderate,0,Low,0.13,0.09,0.01,27.94,0.78,14.75,16.4,29.1,29.35,50.0,19.2,Low,2026-07-08T10:43:19.313889+00:00,52.910540951622856,40.63,worsening,2023,2025,2021,2025,31.1,15.4
Amritsar,Punjab,118.86379686192484,263.8157958984375,215.37653198242188,406.6580505371094,1.1903306444485982,1.1351353426774342,37.31542782783508,3.007886775334676,366.51883333333336,465.56,2025,cams_gap_fill,January,2024,74.9078495822164,co,Poor,Very Poor,Good,Good,,,Very Poor,0,Low,0.05,0.01,0.01,1.17,0.33,39.45,13.25,42.3,4.2,52.1,37.38,Medium,2026-07-08T10:43:19.313889+00:00,151.51827727423773,104.81,worsening,2023,2025,2021,2025,87.0,94.5
Amroha,UttarPradesh,138.19325170624796,336.4511108398437,263.2174438476562,474.1793212890625,1.4781451453765233,2.060667159159978,40.81619121233622,2.9172548989454907,377.34816666666666,480.82,2025,cams_gap_fill,January,2024,83.92562836950468,co,Very Poor,Severe,Good,Good,,,Very Poor,1,Low,0.01,0.0,0.0,0.0,0.03,,,,,,37.21,Medium,2026-07-08T10:43:19.313889+00:00,185.2204375796848,160.62,worsening,2023,2025,2021,2025,94.4,94.1
Anand,Gujarat,82.78500941449599,204.82962036132807,150.70039234161376,288.1006164550781,0.9148397396008172,1.6466671576102574,21.036188491185506,2.271604867776235,284.49150000000003,421.55,2025,cams_gap_fill,November,2024,51.11760141821925,co,Moderate,Very Poor,Good,Good,,,Poor,0,Low,0.12,0.09,0.01,27.94,0.75,26.75,16.05,20.9,21.55,66.4,28.9,Medium,2026-07-08T10:43:19.313889+00:00,107.72527069515652,126.35,worsening,2023,2025,2021,2025,71.6,72.6
Anantapur,AndhraPradesh,30.85688932080262,62.01344299316406,46.24364446004232,87.64055633544922,0.3456083260476589,0.2450398307293653,7.7922128200531,2.824770043293635,174.076,292.17,2025,cams_gap_fill,December,2025,28.21079500379331,co,Satisfactory,Satisfactory,Good,Good,,,Moderate,0,Low,0.12,0.0,0.0,0.71,0.4,25.05,15.5,29.3,12.75,50.5,17.37,Low,2026-07-08T10:43:19.313889+00:00,32.85385820600722,20.95,worsening,2023,2025,2021,2025,8.4,7.7
Anantnag,JammuandKashmir,37.12497689647605,70.68038940429688,67.88214931488037,99.57183837890624,0.620164987941583,0.4325170370439688,15.156838591893514,2.628350414832433,262.6898333333333,341.02,2025,cams_gap_fill,December,2025,24.392524886344013,co,Satisfactory,Moderate,Good,Good,,,Poor,0,Low,0.0,0.0,0.0,0.0,0.0,19.7,10.15,28.6,24.95,74.3,19.47,Low,2026-07-08T10:43:19.313889+00:00,48.46491008334689,115.91,worsening,2023,2025,2021,2025,14.2,17.0
Anjaw,ArunachalPradesh,8.910794123933915,19.31962203979492,8.708915358497983,41.27056121826172,0.1115492805838584,0.0177394993037783,5.359487857137408,2.4799887410232,142.57357142857143,194.09,2025,sedac_calibrated,February,2023,11.988181337499103,co,Good,Good,Good,Good,,,Moderate,0,Low,0.07,0.0,0.0,0.0,0.24,36.85,15.65,22.8,44.1,35.9,15.01,Low,2026-07-08T10:43:19.313889+00:00,6.053172455893622,-59.6,improving,2023,2025,2021,2025,0.7,4.1
Anjaw,ArunachalPradesh,8.910794123933915,19.31962203979492,8.708915358497983,41.27056121826172,0.1115492805838584,0.0177394993037783,5.359487857137408,2.4799887410232,142.57357142857143,194.09,2025,sedac_calibrated,February,2023,11.988181337499103,co,Good,Good,Good,Good,,,Moderate,0,Low,0.07,0.0,0.0,0.0,0.24,36.85,15.65,22.8,44.1,35.9,15.01,Low,2026-07-08T10:43:19.313889+00:00,6.053172455893622,-59.6,improving,2023,2025,2021,2025,0.7,4.1
Anugul,Odisha,56.65558889386957,121.4065170288086,92.08915405273436,171.24755859375,0.97151614377896,1.917917694648107,15.313967259724937,2.7253293454647065,253.1455,403.62,2025,cams_gap_fill,December,2025,44.11369960852127,co,Satisfactory,Poor,Good,Good,,,Poor,0,Low,0.14,0.11,0.0,11.52,0.89,20.0,17.15,22.7,37.05,75.8,23.88,Low,2026-07-08T10:43:19.313889+00:00,67.22659296459622,49.3,worsening,2023,2025,2021,2025,52.2,51.8
Anuppur,MadhyaPradesh,47.92750679726485,89.15416717529297,69.92927020390829,123.40100860595705,0.685639580587546,0.7655396960675717,12.113448842366536,2.888324401775996,226.3445,353.88,2025,cams_gap_fill,January,2024,41.854690021357065,co,Satisfactory,Moderate,Good,Good,,,Poor,0,Low,0.0,0.0,0.0,0.0,0.0,25.35,12.4,15.5,35.25,52.6,20.5,Low,2026-07-08T10:43:19.313889+00:00,50.71672164069282,15.92,worsening,2023,2025,2021,2025,32.8,25.0
Araria,Bihar,105.75668441370256,281.0538024902344,190.48221728007,397.1398010253906,0.7636477420727412,0.8516185452540715,33.250944081942244,2.936710405349732,340.086,467.52,2025,cams_gap_fill,January,2024,69.72195649144726,co,Poor,Very Poor,Good,Good,,,Very Poor,0,Low,0.38,0.1,0.02,8.66,1.62,13.95,16.2,9.9,32.75,67.9,33.28,Medium,2026-07-08T10:43:19.313889+00:00,136.18826495276556,115.59,worsening,2023,2025,2021,2025,82.4,82.2
Aravalli,Gujarat,60.93628332159468,110.9027099609375,102.64766597747804,158.80282592773438,0.6374207576115926,0.7488512779275577,14.093603459993998,2.4240434726079303,245.4508333333333,367.25,2025,cams_gap_fill,January,2024,44.82191697757529,co,Moderate,Poor,Good,Good,,,Poor,0,Low,0.12,0.09,0.01,27.94,0.75,,,,,,23.54,Low,2026-07-08T10:43:19.313889+00:00,73.72352865007188,74.7,worsening,2023,2025,2021,2025,57.4,49.7
Ariyalur,TamilNadu,38.78227003032851,70.95138549804688,69.0171412150065,103.04287719726562,0.7421814888715744,1.2282243599494298,9.789372245470682,2.6732593417167663,200.3005,305.91,2025,cams_gap_fill,December,2025,28.91668977760405,co,Satisfactory,Moderate,Good,Good,,,Poor,0,Low,0.0,0.0,0.0,0.0,0.0,24.05,23.35,33.3,14.7,62.4,19.81,Low,2026-07-08T10:43:19.313889+00:00,48.13430415259467,98.22,worsening,2023,2025,2021,2025,16.9,19.5
Arwal,Bihar,139.60992426808673,347.3402099609375,265.0851610819499,524.5126953125,1.2227052211761475,1.6763579448064168,42.27854499816895,3.0733891248703005,370.9993333333333,499.61,2025,cams_gap_fill,January,2021,81.62148970728335,co,Very Poor,Severe,Good,Good,,,Very Poor,1,Low,0.1,0.06,0.02,7.9,0.84,13.45,13.4,12.4,25.15,66.9,37.11,Medium,2026-07-08T10:43:19.313889+00:00,185.58481735653348,143.52,worsening,2023,2025,2021,2025,95.3,93.7
Ashoknagar,MadhyaPradesh,50.365065344768574,102.9726791381836,74.8019526163737,145.39093017578125,0.3992186660567919,0.3682908045748869,11.79642718633016,2.9613409837087,220.415,379.4,2025,cams_gap_fill,January,2024,45.64827040584802,co,Satisfactory,Moderate,Good,Good,,,Poor,3,Low,0.03,0.0,0.0,0.0,0.1,18.05,12.75,15.4,27.6,46.1,20.15,Low,2026-07-08T10:43:19.313889+00:00,54.39073589113024,18.05,worsening,2023,2025,2021,2025,39.8,22.2
Auraiya,UttarPradesh,115.093454335839,255.2060546875,193.9013271331787,360.633056640625,1.1866847813129424,1.6768284445007642,30.634266678492228,2.8858296155929564,337.402,459.83,2025,cams_gap_fill,January,2024,86.06618552608097,co,Poor,Very Poor,Good,Good,,,Very Poor,4,Low,0.0,0.0,0.0,0.0,0.0,21.05,6.95,19.3,28.05,39.1,32.23,Medium,2026-07-08T10:43:19.313889+00:00,137.35092629326715,63.21,worsening,2023,2025,2021,2025,85.2,81.2
Aurangabad,Bihar,97.9528113118117,254.2639312744141,173.120746866862,359.18719482421875,0.9770951916774114,1.084533511598905,27.545147649447124,2.9491978089014688,322.7675,455.11,2025,cams_gap_fill,January,2024,66.2339498889095,co,Poor,Very Poor,Good,Good,,,Very Poor,3,Low,0.1,0.06,0.02,7.9,0.84,15.75,12.35,10.0,25.0,60.5,30.69,Medium,2026-07-08T10:43:19.313889+00:00,123.1560714509752,94.59,worsening,2023,2025,2021,2025,78.4,77.6
Aurangabad,Maharashtra,53.05037888438522,106.47640991210938,83.61780020395915,149.67848205566406,0.4854224964976311,0.5326320265730222,12.158612875143689,2.640586839119593,224.72766666666664,349.55,2025,cams_gap_fill,January,2021,41.01372235640874,co,Satisfactory,Moderate,Good,Good,,,Poor,0,Low,0.05,0.06,0.0,12.65,0.64,20.85,13.6,24.4,20.85,52.4,21.51,Low,2026-07-08T10:43:19.313889+00:00,59.25779660542806,30.63,worsening,2023,2025,2021,2025,46.2,35.4
Azamgarh,UttarPradesh,138.76832287148255,329.3544311523437,244.0588363647461,462.5134582519531,1.1672057966391245,1.589401306708654,38.216762431462605,3.133211874961853,364.14383333333336,471.11,2025,cams_gap_fill,November,2023,94.96771664474606,co,Very Poor,Very Poor,Good,Good,,,Very Poor,1,Low,0.3,0.0,0.0,0.0,0.92,24.05,15.65,21.5,26.75,54.3,38.78,Medium,2026-07-08T10:43:19.313889+00:00,172.17035749223498,82.54,worsening,2023,2025,2021,2025,94.8,96.7
Badgam,JammuandKashmir,39.69236673570368,70.68038940429688,67.88214931488037,99.57183837890624,0.620164987941583,0.4325170370439688,15.156838591893514,2.628350414832433,262.6898333333333,341.02,2025,cams_gap_fill,December,2025,28.08024197813901,co,Satisfactory,Moderate,Good,Good,,,Poor,0,Low,0.08,0.02,0.0,12.17,0.55,19.25,7.1,25.3,24.15,73.9,20.08,Low,2026-07-08T10:43:19.313889+00:00,48.46491008334689,59.59,worsening,2023,2025,2021,2025,19.2,21.4
Bagalkot,Karnataka,38.98125460118147,79.03694915771484,62.76117029190063,109.87920379638672,0.3720955016712348,0.3545063674449921,9.066755119959511,2.928478020429611,191.61,303.7,2025,cams_gap_fill,December,2025,30.258493768275937,co,Satisfactory,Moderate,Good,Good,,,Moderate,0,Low,0.1,0.02,0.0,14.02,0.46,20.05,12.3,28.6,22.2,48.0,17.9,Low,2026-07-08T10:43:19.313889+00:00,44.39356088638306,37.18,worsening,2023,2025,2021,2025,17.2,9.6
Bageshwar,Uttarakhand,35.49726187930625,61.51393127441406,56.6911244392395,97.22486114501952,0.5360533605019252,0.3971054529150327,12.749327929814656,2.945405048131943,236.7775,342.48,2025,cams_gap_fill,January,2024,29.59561495687275,co,Satisfactory,Satisfactory,Good,Good,,,Poor,0,Low,0.26,0.0,0.0,4.38,1.13,27.55,9.95,17.6,25.7,27.8,21.08,Low,2026-07-08T10:43:19.313889+00:00,39.26304366853502,13.87,worsening,2023,2025,2021,2025,12.4,30.3
Baghpat,UttarPradesh,170.2131212787711,406.4806213378906,326.6742177327474,573.9354248046875,1.8388647476832072,3.702959922949473,49.2605460802714,2.6526413917541505,409.1148333333333,497.91,2025,cams_gap_fill,December,2021,106.39090232662444,co,Very Poor,Severe,Good,Good,,,Severe,1,Low,0.0,0.0,0.0,0.0,0.0,23.45,12.25,34.5,18.25,53.3,42.4,Medium,2026-07-08T10:43:19.313889+00:00,228.6389696333144,175.73,worsening,2023,2025,2021,2025,99.3,98.8
Bahraich,UttarPradesh,95.46169316945829,203.8546600341797,154.17130902608235,287.7730407714844,0.774942551056544,0.8439403260747592,27.088559873898824,3.084567638238271,325.2658333333333,451.87,2025,cams_gap_fill,January,2024,75.13036805621242,co,Poor,Very Poor,Good,Good,,,Very Poor,0,Low,0.07,0.0,0.0,0.0,0.24,26.45,7.35,12.5,42.8,48.8,29.93,Medium,2026-07-08T10:43:19.313889+00:00,109.1681956185235,40.93,worsening,2023,2025,2021,2025,77.1,76.0
Baksa,Assam,39.66994903658632,88.88650512695312,63.63939673105876,124.8396987915039,0.3552346512675285,0.2186874805639187,15.030686076482136,2.308767143885295,259.26866666666666,363.36,2025,cams_gap_fill,January,2021,33.20282128729686,co,Satisfactory,Moderate,Good,Good,,,Poor,0,Low,0.32,0.07,0.0,5.05,1.2,24.75,14.75,18.8,36.25,73.6,22.87,Low,2026-07-08T10:43:19.313889+00:00,46.89855337142944,34.0,worsening,2023,2025,2021,2025,19.1,45.2
Balaghat,MadhyaPradesh,52.12977293228869,97.95057678222656,77.76399097442626,135.6956787109375,0.5176561569174131,0.5049638628959656,12.7091072956721,3.043588356177012,233.46266666666668,341.08,2025,cams_gap_fill,January,2024,45.09346608828388,co,Satisfactory,Moderate,Good,Good,,,Poor,0,Low,0.31,0.0,0.0,0.0,0.95,22.1,10.85,4.3,35.05,60.6,21.99,Low,2026-07-08T10:43:19.313889+00:00,55.577084965176056,13.9,worsening,2023,2025,2021,2025,44.2,40.0
Balangir,Odisha,50.14328116034993,89.63911437988281,72.19700905481974,129.11630249023438,0.4779204564789931,0.4012484698245923,12.323514954249063,2.990960814555486,229.4738333333333,350.6,2025,cams_gap_fill,December,2025,46.43679789635089,co,Satisfactory,Moderate,Good,Good,,,Poor,11,Moderate,0.12,0.12,0.0,21.64,0.86,22.25,13.4,15.9,33.95,59.4,23.69,Low,2026-07-08T10:43:19.313889+00:00,52.65649875005087,4.54,stable,2023,2025,2021,2025,38.5,51.1
Baleshwar,Odisha,70.94429743725338,199.8890075683593,123.4138842900594,282.5502319335937,0.6000735459228357,0.7688361937801044,20.03223158518473,3.2084009210268656,274.5096666666667,429.9,2025,cams_gap_fill,January,2024,48.83847504106071,co,Moderate,Very Poor,Good,Good,,,Poor,0,Low,0.21,0.18,0.0,11.52,1.25,26.2,13.0,21.6,37.35,61.8,27.28,Medium,2026-07-08T10:43:19.313889+00:00,90.45090336269804,82.5,worsening,2023,2025,2021,2025,66.3,66.8
Ballia,UttarPradesh,140.67460337539376,355.5644836425781,254.088511912028,499.41302490234375,1.0953071852525076,1.612242473165194,39.78671803474426,3.2135023633639017,368.935,476.08,2025,cams_gap_fill,November,2021,93.1167896486677,co,Very Poor,Severe,Good,Good,,,Very Poor,1,Low,0.17,0.0,0.0,0.0,0.55,18.9,13.1,16.6,18.9,52.2,37.48,Medium,2026-07-08T10:43:19.313889+00:00,178.22897020975748,99.45,worsening,2023,2025,2021,2025,95.6,94.8
Balod,Chhattisgarh,59.68007708257488,101.59308624267578,80.92911551793416,143.6774444580078,0.5267170391976833,0.5440863678852718,12.822489301363628,3.1293179353078204,233.10766666666663,359.0,2025,cams_gap_fill,December,2025,56.68622100729588,co,Satisfactory,Moderate,Good,Good,,,Poor,11,Moderate,0.06,0.01,0.0,16.12,0.24,26.4,8.25,12.2,23.75,56.4,23.9,Low,2026-07-08T10:43:19.313889+00:00,58.78454499774509,-8.55,stable,2023,2025,2021,2025,55.6,52.1
BalodaBazar,Chhattisgarh,76.8282986941403,166.10829162597656,112.9770123799642,233.622299194336,1.10566949347655,2.07331075767676,18.41957767804464,2.5220397293567656,277.5516666666666,416.76,2025,cams_gap_fill,December,2025,63.73934152113532,co,Moderate,Poor,Good,Good,,,Poor,16,Moderate,,,,,,25.25,8.25,14.7,27.85,61.2,28.07,Medium,2026-07-08T10:43:19.313889+00:00,81.78013038635254,12.06,worsening,2023,2025,2021,2025,69.1,70.7
Balrampur,Chhattisgarh,45.38738166829573,87.44966125488281,66.3768193880717,120.83213806152344,0.529139998058478,0.4083948783576488,11.904962197939556,2.8721556504567465,223.109,355.64,2025,cams_gap_fill,January,2024,38.63621982376831,co,Satisfactory,Moderate,Good,Good,,,Poor,0,Low,0.01,0.01,0.0,16.12,0.07,28.2,9.55,9.9,37.3,63.4,20.16,Low,2026-07-08T10:43:19.313889+00:00,48.629486083984375,21.35,worsening,2023,2025,2021,2025,28.3,22.3
Balrampur,UttarPradesh,81.50926623568833,167.34852600097656,128.70343310038248,236.4851531982422,0.5510817994674047,0.5697094577054183,24.432898902893065,3.0406062920888264,314.08933333333334,441.66,2025,cams_gap_fill,December,2025,66.77440178740356,co,Moderate,Very Poor,Good,Good,,,Very Poor,0,Low,0.07,0.0,0.0,0.0,0.24,24.25,8.45,14.8,41.7,53.7,27.64,Medium,2026-07-08T10:43:19.313889+00:00,90.94517771402997,30.76,worsening,2023,2025,2021,2025,70.9,68.6
BanasKantha,Gujarat,60.88840596129724,115.08811950683594,101.84512831370036,175.8730926513672,0.4743298389017581,0.4561899206290642,10.750611674785612,2.3119317134221395,213.70433333333327,342.26,2025,cams_gap_fill,January,2024,50.84197399227832,co,Moderate,Poor,Good,Good,,,Poor,0,Low,,,,,,,,,,,21.13,Low,2026-07-08T10:43:19.313889+00:00,70.04926745096843,54.65,worsening,2023,2025,2021,2025,57.2,30.8
Banda,UttarPradesh,79.04295784904843,177.68539428710938,122.97395146687826,250.9702911376953,0.7800827125708262,0.7020815692842006,20.215001877148943,2.9251070102055867,285.8225,430.31,2025,cams_gap_fill,January,2024,65.83136375520115,co,Moderate,Very Poor,Good,Good,,,Poor,11,Moderate,0.01,0.0,0.0,0.0,0.03,19.5,12.3,13.5,41.5,52.2,27.61,Medium,2026-07-08T10:43:19.313889+00:00,88.44071843889024,27.55,worsening,2023,2025,2021,2025,69.8,68.3
Bandipore,JammuandKashmir,26.0967098879564,44.8287467956543,44.72119286855062,63.25624465942383,0.5056647554039955,0.3584554009139538,12.437669372558592,3.2038872996966044,233.87266666666667,325.68,2025,cams_gap_fill,January,2021,20.44794595230252,co,Good,Satisfactory,Good,Good,,,Poor,0,Low,0.08,0.02,0.0,12.17,0.55,19.4,8.35,28.2,24.6,73.7,17.5,Low,2026-07-08T10:43:19.313889+00:00,31.737776438395183,66.26,worsening,2023,2025,2021,2025,6.1,8.5
Bangalore,Karnataka,42.8198084181085,81.0777587890625,72.139413134257,114.6851806640625,0.5565607180198033,0.5149997999270757,11.881782380739848,2.4640009343624114,226.99733333333333,324.16,2025,cams_gap_fill,December,2025,32.062158131704955,co,Satisfactory,Moderate,Good,Good,,,Poor,0,Low,0.08,0.02,0.0,13.31,0.4,32.1,20.35,40.1,11.9,35.5,22.71,Low,2026-07-08T10:43:19.313889+00:00,51.09440718756782,79.74,worsening,2023,2025,2021,2025,24.4,44.1
BangaloreRural,Karnataka,35.10047371271119,70.48328399658203,59.09836746851603,99.64736938476562,0.4761272748311361,0.3740925682087739,9.846563172340392,2.5862802724043528,201.9163333333333,309.79,2025,cams_gap_fill,December,2025,27.691384631014014,co,Satisfactory,Satisfactory,Good,Good,,,Poor,0,Low,0.08,0.02,0.0,13.31,0.4,28.75,15.65,33.2,18.95,44.2,19.57,Low,2026-07-08T10:43:19.313889+00:00,41.94765694936117,79.76,worsening,2023,2025,2021,2025,12.0,17.8
Banka,Bihar,95.79211318191302,252.0668487548828,172.86488151550293,356.0550842285156,0.9648656229178112,1.221617233256499,27.763752746582032,3.195567198594411,321.3496666666667,453.57,2025,cams_gap_fill,January,2024,63.07377741670722,co,Poor,Very Poor,Good,Good,,,Very Poor,0,Low,0.11,0.06,0.02,7.9,0.86,18.1,14.95,13.4,25.6,65.9,30.64,Medium,2026-07-08T10:43:19.313889+00:00,122.5993356704712,114.32,worsening,2023,2025,2021,2025,77.2,77.4
Bankura,WestBengal,99.09963321685792,248.7483367919922,171.0186496734619,351.09381103515625,1.1502381602923075,1.652599581082662,26.46590678691864,2.663652805487315,316.4,441.12,2025,cams_gap_fill,January,2024,68.67897817362909,co,Poor,Very Poor,Good,Good,,,Very Poor,0,Low,0.0,0.1,0.0,0.0,0.33,20.65,20.0,13.0,34.6,77.0,31.2,Medium,2026-07-08T10:43:19.313889+00:00,123.61276827918158,70.77,worsening,2023,2025,2021,2025,79.0,78.4
Banswara,Rajasthan,58.31325336310776,102.73348236083984,93.2374241511027,145.7866973876953,0.5189307078719139,0.5853194956978162,13.323400938510895,2.5574061572551727,237.77666666666667,362.43,2025,cams_gap_fill,January,2024,45.26759734337899,co,Satisfactory,Poor,Good,Good,,,Poor,1,Low,0.05,0.03,0.0,4.32,0.46,18.25,9.85,4.5,22.25,52.8,21.61,Low,2026-07-08T10:43:19.313889+00:00,67.03701284196642,43.66,worsening,2023,2025,2021,2025,54.1,36.6
Barabanki,UttarPradesh,121.37796446174322,261.90924072265625,205.0808949788412,377.2153015136719,1.0643250693877535,1.347544083495935,31.62161593437195,3.10929194688797,345.6381666666667,456.89,2025,cams_gap_fill,January,2024,90.66326158296064,co,Very Poor,Very Poor,Good,Good,,,Very Poor,1,Low,0.08,0.0,0.0,0.0,0.3,,,,,,34.31,Medium,2026-07-08T10:43:19.313889+00:00,146.7568300035265,69.24,worsening,2023,2025,2021,2025,88.5,87.6
Baramulla,JammuandKashmir,36.96373487001664,65.23016357421875,62.52259845733643,92.3196029663086,0.6011378874381383,0.5267738247911136,15.957420857747396,3.4270832856496174,266.5,377.44,2025,cams_gap_fill,January,2021,27.5992520221907,co,Satisfactory,Moderate,Good,Good,,,Poor,0,Low,0.08,0.02,0.0,12.17,0.55,,,,,,21.2,Low,2026-07-08T10:43:19.313889+00:00,44.6388185289171,59.97,worsening,2023,2025,2021,2025,13.8,31.7
Baran,Rajasthan,53.020093021134215,92.60746002197266,77.880557568868,130.3573455810547,0.4422877088189125,0.4195594529310862,11.63018974463145,2.8183115859826406,219.928,360.76,2025,cams_gap_fill,January,2024,49.798958536267136,co,Satisfactory,Moderate,Good,Good,,,Poor,11,Moderate,0.05,0.03,0.0,4.32,0.43,14.1,7.4,10.1,38.15,60.1,20.88,Low,2026-07-08T10:43:19.313889+00:00,55.71740908092923,11.5,worsening,2023,2025,2021,2025,46.0,28.0
Barddhaman,WestBengal,135.7575537731816,367.5491333007813,254.77997512817385,519.4623413085938,1.4804816295703251,2.839100182056427,38.28701322873433,2.529840771357218,355.136,480.97,2025,cams_gap_fill,January,2024,77.15798220870651,co,Very Poor,Severe,Good,Good,,,Very Poor,0,Low,0.08,0.1,0.0,0.0,0.58,,,,,,36.69,Medium,2026-07-08T10:43:19.313889+00:00,183.631670527988,153.49,worsening,2023,2025,2021,2025,93.3,92.8
Bareilly,UttarPradesh,112.80347801510952,262.9882507324219,197.3222136179606,371.6460266113281,0.8849392066399256,1.0962774852911632,32.67049655914307,3.010635066032409,350.5986666666667,465.57,2025,cams_gap_fill,January,2024,79.55226045243099,co,Poor,Very Poor,Good,Good,,,Very Poor,1,Low,0.0,0.0,0.0,0.0,0.0,17.0,10.75,25.0,22.4,60.8,31.93,Medium,2026-07-08T10:43:19.313889+00:00,139.3002986907959,81.74,worsening,2023,2025,2021,2025,84.2,79.9
Bargarh,Odisha,61.25413028596765,119.56785583496094,89.23690306345621,168.4060821533203,0.6329447674254577,0.5204540843764941,15.043016338348387,2.854129181305568,252.04116666666667,398.06,2025,cams_gap_fill,December,2025,53.00446584952385,co,Moderate,Moderate,Good,Good,,,Poor,12,Moderate,0.12,0.12,0.0,21.64,0.86,23.45,15.55,19.9,30.65,62.6,26.6,Medium,2026-07-08T10:43:19.313889+00:00,65.18626515070598,11.47,worsening,2023,2025,2021,2025,57.7,63.9
Barmer,Rajasthan,81.10418594991269,150.39028930664062,166.0438351949056,404.37158203125,0.2799769010394811,0.2848134805758794,7.499269088109334,2.65636860926946,224.15733333333336,368.28,2025,cams_gap_fill,May,2022,67.46001140994176,co,Moderate,Very Poor,Good,Good,,,Poor,4,Low,0.12,0.08,0.0,4.32,0.81,9.7,9.2,4.5,26.5,49.4,23.43,Low,2026-07-08T10:43:19.313889+00:00,94.22977998521591,56.92,worsening,2023,2025,2021,2025,70.7,48.7
Barnala,Punjab,114.8098387268768,274.1984558105469,212.8548445383708,473.2877502441406,1.3208234697580337,1.506222469607989,35.98650573094686,2.9339048604170483,364.5348333333333,481.67,2025,cams_gap_fill,November,2021,77.47043351493198,co,Poor,Very Poor,Good,Good,,,Very Poor,1,Low,0.05,0.01,0.01,1.17,0.33,36.4,14.15,37.7,7.15,55.2,36.67,Medium,2026-07-08T10:43:19.313889+00:00,147.6449449327257,113.02,worsening,2023,2025,2021,2025,84.9,92.6
Barpeta,Assam,65.45973140323781,155.64523315429688,120.85604248046874,218.81460571289065,0.5708918705582618,0.5689476703604063,21.702214161554974,2.492003663380941,299.3065,418.39,2025,cams_gap_fill,January,2021,41.81699126019033,co,Moderate,Very Poor,Good,Good,,,Poor,0,Low,0.37,0.07,0.0,5.05,1.32,17.3,15.5,16.6,30.35,64.8,26.76,Medium,2026-07-08T10:43:19.313889+00:00,87.36929543813069,121.23,worsening,2023,2025,2021,2025,61.1,64.6
Barwani,MadhyaPradesh,54.03146865538093,103.7579116821289,85.58834603627523,146.4130859375,0.456555396070083,0.5230545797695716,12.891001923878989,2.5736041804154715,230.8453333333333,360.13,2025,cams_gap_fill,January,2024,41.92134929824984,co,Satisfactory,Moderate,Good,Good,,,Poor,0,Low,0.0,0.0,0.0,0.0,0.0,23.05,9.05,8.2,26.85,58.4,20.56,Low,2026-07-08T10:43:19.313889+00:00,60.77321126725938,32.65,worsening,2023,2025,2021,2025,48.4,25.7
Bastar,Chhattisgarh,37.65670514119907,58.74329376220703,53.14896138509115,86.93415832519531,0.305674476424853,0.2850532279660304,9.551431524753571,2.910654858748118,197.4148333333333,310.66,2025,cams_gap_fill,December,2025,36.30262428606383,co,Satisfactory,Satisfactory,Good,Good,,,Moderate,0,Low,0.01,0.01,0.0,16.12,0.07,23.9,10.2,8.7,46.1,77.2,17.65,Low,2026-07-08T10:43:19.313889+00:00,38.3944034576416,-2.98,stable,2023,2025,2021,2025,14.6,9.0
Basti,UttarPradesh,122.069507609905,275.7173156738281,209.1932144165039,386.775146484375,1.0271702080965042,1.2770576591293017,34.48356335163116,3.138149591286977,352.45116666666667,464.76,2025,cams_gap_fill,January,2024,88.56294708987156,co,Very Poor,Very Poor,Good,Good,,,Very Poor,0,Low,0.01,0.0,0.0,0.0,0.03,22.1,10.8,16.8,30.75,39.9,33.78,Medium,2026-07-08T10:43:19.313889+00:00,148.12023078070746,70.04,worsening,2023,2025,2021,2025,89.1,84.9
Bathinda,Punjab,94.27177268950054,216.587646484375,162.28419774373373,394.63720703125,1.2272123207648595,1.2699428737163545,23.425811290740967,2.90825490752856,312.09366666666665,452.35,2025,cams_gap_fill,November,2021,70.94076605215847,co,Poor,Very Poor,Good,Good,,,Very Poor,7,Low,0.05,0.01,0.01,1.17,0.33,38.65,14.25,37.5,10.65,59.7,33.45,Medium,2026-07-08T10:43:19.313889+00:00,112.53309769100612,59.98,worsening,2023,2025,2021,2025,76.3,83.4
Bauda,Odisha,52.36444482560616,110.39605712890624,85.05466095606486,155.59095764160156,0.7132742270827294,0.7783217509587605,14.368125748634338,2.883055170377096,246.01616666666663,388.2,2025,cams_gap_fill,December,2025,40.61505665703481,co,Satisfactory,Moderate,Good,Good,,,Poor,0,Low,0.11,0.12,0.0,21.64,0.84,,,,,,22.67,Low,2026-07-08T10:43:19.313889+00:00,62.20166619618734,52.03,worsening,2023,2025,2021,2025,45.1,43.6
Begusarai,Bihar,139.09362776063372,343.78173828125,257.99241027832034,521.6695556640625,1.202830477555593,1.7650539249181747,41.30949672063192,3.168636910120646,367.174,490.53,2025,cams_gap_fill,January,2021,90.25733354944651,co,Very Poor,Severe,Good,Good,,,Very Poor,0,Low,0.1,0.06,0.02,7.9,0.84,15.45,14.5,17.6,26.8,62.9,37.19,Medium,2026-07-08T10:43:19.313889+00:00,180.7256087197198,129.24,worsening,2023,2025,2021,2025,95.0,93.9
Belgaum,Karnataka,39.311239187923285,73.09476470947266,62.84875742594401,103.19409942626952,0.4176371256510416,0.3975772990534703,9.742678149541218,2.812358274062474,201.15566666666663,309.84,2025,cams_gap_fill,January,2023,31.048024222390776,co,Satisfactory,Moderate,Good,Good,,,Poor,0,Low,0.12,0.02,0.0,14.02,0.52,20.8,12.55,23.8,17.7,52.9,18.57,Low,2026-07-08T10:43:19.313889+00:00,44.08917122417026,30.4,worsening,2023,2025,2021,2025,18.2,12.1
Bellary,Karnataka,35.87948392862198,73.54975891113281,57.78724403381348,103.92608642578124,0.497547797113657,0.4107201855629682,9.40698234240214,2.641036369403204,196.268,310.34,2025,cams_gap_fill,December,2025,28.77877516720698,co,Satisfactory,Satisfactory,Good,Good,,,Moderate,0,Low,0.08,0.02,0.0,14.02,0.4,21.05,10.4,27.3,17.2,58.1,17.5,Low,2026-07-08T10:43:19.313889+00:00,40.84130385186937,45.24,worsening,2023,2025,2021,2025,13.0,8.5
Bemetara,Chhattisgarh,72.87659332784018,127.91753387451172,96.21416002909342,179.98211669921875,0.8343231315414111,0.9376351974904538,15.710933430989584,2.700693766276041,259.6053333333333,403.35,2025,cams_gap_fill,December,2025,66.7227656690957,co,Moderate,Poor,Good,Good,,,Poor,16,Moderate,0.06,0.01,0.0,16.12,0.24,27.25,10.05,14.9,25.4,47.0,27.79,Medium,2026-07-08T10:43:19.313889+00:00,70.01208262973361,-11.95,improving,2023,2025,2021,2025,67.6,69.5
Betul,MadhyaPradesh,46.74684104037326,92.29954528808594,74.33626556396484,127.6493682861328,0.6759042968352635,1.0827199265360832,11.493486539522808,2.644284172852834,220.9875,335.67,2025,cams_gap_fill,January,2024,36.85907626957709,co,Satisfactory,Moderate,Good,Good,,,Poor,0,Low,0.0,0.29,0.0,0.0,0.89,19.7,14.15,17.7,28.8,56.2,20.9,Low,2026-07-08T10:43:19.313889+00:00,53.16650099224515,37.32,worsening,2023,2025,2021,2025,30.8,28.4
Bhadrak,Odisha,69.84008572347616,192.808837890625,124.4188923517863,272.5692443847656,0.8421145488818487,1.2186405455072722,20.1408875544866,3.0324317355950674,278.46650000000005,428.42,2025,cams_gap_fill,December,2025,47.36047052292715,co,Moderate,Very Poor,Good,Good,,,Poor,0,Low,0.16,0.18,0.0,11.52,1.13,23.9,15.6,18.3,46.95,64.0,27.18,Medium,2026-07-08T10:43:19.313889+00:00,90.35888417561848,99.28,worsening,2023,2025,2021,2025,65.7,66.3
Bhagalpur,Bihar,116.89713227278294,301.64898681640625,212.13634916941325,439.6406555175781,0.9602830608685812,1.2374466801683108,34.31777813434601,3.240791857242584,342.5921666666666,471.79,2025,cams_gap_fill,January,2024,76.240004256808,co,Poor,Very Poor,Good,Good,,,Very Poor,0,Low,0.13,0.06,0.02,7.9,1.08,14.0,15.95,19.4,24.85,73.0,33.89,Medium,2026-07-08T10:43:19.313889+00:00,149.98659992218018,115.57,worsening,2023,2025,2021,2025,86.2,85.8
Bhandara,Maharashtra,62.67011642800728,117.0915756225586,97.53621527353924,162.76438903808594,0.8047096918026606,1.374913638830185,14.771812097231548,2.9179359634717303,253.57966666666667,357.85,2025,cams_gap_fill,December,2025,49.818150210898224,co,Moderate,Poor,Good,Good,,,Poor,18,Moderate,0.07,0.04,0.0,12.65,0.49,20.55,10.3,9.8,40.2,65.3,26.07,Medium,2026-07-08T10:43:19.313889+00:00,69.50138579474554,27.48,worsening,2023,2025,2021,2025,58.4,61.2
Bharatpur,Rajasthan,99.956429520223,212.47129821777344,160.618212890625,300.3019714355469,0.9913779626290004,1.0411149660746255,26.1926153421402,2.5513489226500194,318.1526666666667,449.44,2025,cams_gap_fill,January,2024,80.97489104118924,co,Poor,Very Poor,Good,Good,,,Very Poor,10,Low,0.05,0.03,0.0,4.32,0.43,21.35,7.2,12.4,29.0,60.8,31.36,Medium,2026-07-08T10:43:19.313889+00:00,114.64284759097627,37.57,worsening,2023,2025,2021,2025,79.9,78.8
Bharuch,Gujarat,67.46260385947815,157.7454833984375,115.6975751876831,220.81285095214844,0.6919819988310337,1.113378438850244,15.613967148462931,2.6112294932206472,248.66316666666663,399.47,2025,cams_gap_fill,January,2024,46.48283892899606,co,Moderate,Poor,Good,Good,,,Poor,0,Low,0.19,0.09,0.01,27.94,0.95,24.3,19.25,25.5,23.15,71.8,26.03,Medium,2026-07-08T10:43:19.313889+00:00,82.21286137898763,75.18,worsening,2023,2025,2021,2025,63.3,61.1
Bhavnagar,Gujarat,47.57473945579683,109.33625030517578,72.96398906707763,151.63214111328125,0.3704980760812759,0.5294216034313043,9.213319301605225,2.879913381735484,192.04283333333333,323.86,2025,cams_gap_fill,January,2024,40.23311729341338,co,Satisfactory,Moderate,Good,Good,,,Moderate,0,Low,0.16,0.09,0.01,27.94,0.86,19.05,16.75,29.4,30.3,49.4,20.07,Low,2026-07-08T10:43:19.313889+00:00,51.53657987382677,23.98,worsening,2023,2025,2021,2025,32.0,21.2
Bhilwara,Rajasthan,52.185003410147466,98.82811737060548,76.33924198150635,139.0264892578125,0.5563035398721695,0.3997513520220915,11.104449522495267,2.618034398555756,212.97866666666667,364.5,2025,cams_gap_fill,January,2024,50.550361216339766,co,Satisfactory,Moderate,Good,Good,,,Poor,5,Low,0.05,0.03,0.0,4.32,0.46,15.55,8.7,12.4,23.05,50.4,19.97,Low,2026-07-08T10:43:19.313889+00:00,54.28013197580973,9.24,stable,2023,2025,2021,2025,44.4,20.0
Bhind,MadhyaPradesh,94.148509298339,190.79278564453125,144.13361377716063,267.70721435546875,0.9355475942293804,0.9504987567663192,23.954611015319824,2.7307233015696206,307.90233333333333,438.76,2025,cams_gap_fill,January,2024,81.08848339396914,co,Poor,Very Poor,Good,Good,,,Very Poor,12,Moderate,0.0,0.0,0.0,0.0,0.0,16.1,13.25,20.5,21.75,69.9,30.06,Medium,2026-07-08T10:43:19.313889+00:00,103.09676689571803,21.19,worsening,2023,2025,2021,2025,76.2,76.3
Bhiwani,Haryana,89.62045977780532,166.7748565673828,147.07557220458983,233.00271606445312,0.930718822280566,1.575171743830045,19.81749122142792,2.7783917526404065,294.58483333333334,419.33,2025,cams_gap_fill,January,2024,72.54398677250752,co,Moderate,Very Poor,Good,Good,,,Poor,10,Low,0.03,0.01,0.0,0.41,0.27,21.75,10.75,28.1,18.2,66.4,29.53,Medium,2026-07-08T10:43:19.313889+00:00,102.46514542897542,34.82,worsening,2023,2025,2021,2025,74.7,74.9
Bhojpur,Bihar,142.09747065793698,347.3402099609375,265.0851610819499,524.5126953125,1.2227052211761475,1.6763579448064168,42.27854499816895,3.0733891248703005,370.9993333333333,499.61,2025,cams_gap_fill,January,2021,88.00407551027928,co,Very Poor,Severe,Good,Good,,,Very Poor,1,Low,0.11,0.06,0.02,7.9,0.86,14.2,15.5,20.8,23.05,73.6,37.86,Medium,2026-07-08T10:43:19.313889+00:00,185.58481735653348,124.56,worsening,2023,2025,2021,2025,96.4,95.7
Bhopal,MadhyaPradesh,55.35485242970785,104.32035064697266,86.6268524169922,145.72467041015625,0.4625444278120995,0.5028726587692897,13.01987807750702,2.754661351442337,236.48883333333333,357.1,2025,cams_gap_fill,January,2024,44.86011666836946,co,Satisfactory,Moderate,Good,Good,,,Poor,3,Low,0.03,0.0,0.0,0.0,0.1,23.65,13.6,31.5,20.7,53.5,22.36,Low,2026-07-08T10:43:19.313889+00:00,62.2013512717353,38.99,worsening,2023,2025,2021,2025,50.3,42.0
Bid,Maharashtra,47.52086781291555,89.60357666015625,74.55922218958537,123.75548553466795,0.413368276755015,0.4676878998676936,10.592472843329112,2.762597515185674,210.74133333333333,319.47,2025,cams_gap_fill,January,2024,36.85457402653446,co,Satisfactory,Moderate,Good,Good,,,Poor,0,Low,0.05,0.06,0.0,12.65,0.49,25.25,11.7,21.9,21.9,50.8,20.43,Low,2026-07-08T10:43:19.313889+00:00,53.00379175610013,30.59,worsening,2023,2025,2021,2025,31.8,24.2
Bidar,Karnataka,44.955785065975405,90.3857421875,75.410524781545,125.15769958496094,0.4131371701757113,0.4641167538861434,10.522531298796336,2.999124060074488,210.2923333333333,315.46,2025,cams_gap_fill,January,2024,32.66750696140224,co,Satisfactory,Moderate,Good,Good,,,Poor,1,Low,0.08,0.02,0.0,14.02,0.4,22.65,10.75,20.8,19.85,55.9,19.6,Low,2026-07-08T10:43:19.313889+00:00,54.102721797095406,63.94,worsening,2023,2025,2021,2025,27.7,18.0
Bijapur,Chhattisgarh,35.974875119431026,55.33846282958984,53.899128691355386,105.01991271972656,0.2871259448428949,0.2585480418056249,9.414418296019235,2.9616179863611856,195.80966666666663,302.47,2025,cams_gap_fill,January,2025,32.393386350469825,co,Satisfactory,Satisfactory,Good,Good,,,Moderate,0,Low,0.01,0.01,0.0,16.12,0.07,18.3,8.75,6.0,53.15,72.1,16.33,Low,2026-07-08T10:43:19.313889+00:00,38.783131970299614,12.83,worsening,2023,2025,2021,2025,13.3,6.1
Bijapur,Karnataka,39.33854909659667,79.03694915771484,62.76117029190063,109.87920379638672,0.3720955016712348,0.3545063674449921,9.066755119959511,2.928478020429611,191.61,303.7,2025,cams_gap_fill,December,2025,31.22033438799831,co,Satisfactory,Moderate,Good,Good,,,Moderate,0,Low,0.1,0.02,0.0,14.02,0.46,20.6,12.95,27.4,22.7,52.9,18.13,Low,2026-07-08T10:43:19.313889+00:00,44.39356088638306,34.24,worsening,2023,2025,2021,2025,18.3,10.1
Bijnor,UttarPradesh,99.73399940258518,241.18972778320312,182.40317446390787,340.85894775390625,1.039174708724022,1.2312801336248715,30.518384965260825,2.947049097220103,349.03333333333336,459.17,2025,cams_gap_fill,January,2024,66.45680784838265,co,Poor,Very Poor,Good,Good,,,Very Poor,0,Low,0.01,0.0,0.0,0.0,0.1,22.0,12.3,28.0,20.05,46.0,31.28,Medium,2026-07-08T10:43:19.313889+00:00,128.5489214791192,119.34,worsening,2023,2025,2021,2025,79.7,78.7
Bikaner,Rajasthan,88.20865553928287,218.84255981445312,179.85725695292157,414.4931640625,0.331712465112408,0.2974749851971864,10.239951674143471,3.1953330914179485,257.91366666666664,388.94,2025,cams_gap_fill,January,2024,63.22672767726071,co,Moderate,Very Poor,Good,Good,,,Poor,43,Extreme,0.07,0.03,0.0,4.32,0.52,11.9,7.9,14.4,20.7,58.9,31.83,Medium,2026-07-08T10:43:19.313889+00:00,110.1414886050754,102.4,worsening,2023,2025,2021,2025,74.1,79.7
Bilaspur,Chhattisgarh,54.44173065869515,88.39940643310547,71.73927942911784,122.66856384277344,0.7330014631152153,0.7059975201884906,12.297089672088624,2.6908748944600425,230.0328333333333,341.3,2025,cams_gap_fill,January,2024,51.20209349677385,co,Satisfactory,Moderate,Good,Good,,,Poor,7,Low,0.04,0.01,0.0,16.12,0.17,26.5,11.35,17.1,25.75,58.5,22.87,Low,2026-07-08T10:43:19.313889+00:00,52.131274435255264,-12.26,improving,2023,2025,2021,2025,48.8,45.2
Bilaspur,HimachalPradesh,69.57100312653962,164.4072265625,130.8191129684448,232.3511199951172,1.078341586391131,1.2401183674732843,24.74625010490417,2.714769093195597,325.5673333333333,436.59,2025,cams_gap_fill,January,2024,40.48279172820388,co,Moderate,Very Poor,Good,Good,,,Very Poor,0,Low,0.06,0.0,0.0,0.0,0.2,21.2,18.9,29.1,17.55,53.0,27.74,Medium,2026-07-08T10:43:19.313889+00:00,93.45728725857204,156.33,worsening,2023,2025,2021,2025,65.4,69.2
Birbhum,WestBengal,99.54030979176656,259.4163818359375,178.85209039052327,366.0413513183594,1.1560838133096696,1.8041196684042613,26.962603338559468,2.880962475140889,318.2921666666667,445.26,2025,cams_gap_fill,January,2024,64.04590645842687,co,Poor,Very Poor,Good,Good,,,Very Poor,0,Low,0.04,0.0,0.0,0.0,0.14,15.8,18.65,13.4,29.2,77.7,30.11,Medium,2026-07-08T10:43:19.313889+00:00,128.45928944481744,103.56,worsening,2023,2025,2021,2025,79.6,76.5
Bishnupur,Manipur,47.287231330604826,236.0485076904297,84.02264493306478,576.8284912109375,0.3979913368821144,0.2892665276924768,18.162565151850384,1.994567000865936,256.3205,500.0,2025,cams_gap_fill,March,2021,37.74688472633753,co,Satisfactory,Moderate,Good,Good,,,Poor,0,Low,0.19,0.12,0.04,0.0,1.13,27.45,14.6,40.9,54.5,35.8,23.95,Low,2026-07-08T10:43:19.313889+00:00,56.62238587273492,46.08,worsening,2023,2025,2021,2025,31.7,52.4
Bokaro,Jharkhand,92.44048040665352,221.22769165039065,156.66794783274332,312.4676818847656,1.0714975714683532,1.394464139143626,24.99528843561808,2.820638006925583,315.613,436.39,2025,cams_gap_fill,January,2024,67.7968808773023,co,Poor,Very Poor,Good,Good,,,Very Poor,0,Low,0.02,0.03,0.0,1.42,0.2,24.5,12.1,15.1,27.0,68.8,29.56,Medium,2026-07-08T10:43:19.313889+00:00,111.86027410295274,58.91,worsening,2023,2025,2021,2025,75.7,75.1
Bongaigaon,Assam,64.16996661427007,155.64523315429688,120.85604248046874,218.81460571289065,0.5708918705582618,0.5689476703604063,21.702214161554974,2.492003663380941,299.3065,418.39,2025,cams_gap_fill,January,2021,38.45291441059203,co,Moderate,Very Poor,Good,Good,,,Poor,0,Low,0.42,0.07,0.0,5.05,1.44,14.75,13.8,16.9,32.25,70.6,26.14,Medium,2026-07-08T10:43:19.313889+00:00,87.36929543813069,148.68,worsening,2023,2025,2021,2025,59.8,61.5
Botad,Gujarat,48.84233034735474,115.3454818725586,75.67761414845785,159.77972412109375,0.8330322640637556,1.8244804133971533,9.140270801385244,2.499987437327703,191.76266666666663,319.32,2025,cams_gap_fill,November,2024,41.66076621685474,co,Satisfactory,Moderate,Good,Good,,,Moderate,1,Low,0.16,0.09,0.01,27.94,0.86,12.25,16.75,27.3,27.1,58.8,19.38,Low,2026-07-08T10:43:19.313889+00:00,52.910540951622856,25.09,worsening,2023,2025,2021,2025,35.2,16.3
Budaun,UttarPradesh,140.62973499513922,329.391845703125,254.62243614196777,464.2601623535156,2.424431395530701,9.586285229523977,37.23155506451925,1.8596792340278625,366.176,470.61,2025,cams_gap_fill,January,2024,93.49186316832711,co,Very Poor,Severe,Good,Good,,,Very Poor,1,Low,0.02,0.0,0.0,0.0,0.07,13.4,9.95,15.2,24.5,55.3,35.42,Medium,2026-07-08T10:43:19.313889+00:00,178.61745156182184,104.8,worsening,2023,2025,2021,2025,95.4,90.2
Bulandshahr,UttarPradesh,145.18924616928496,336.4511108398437,263.2174438476562,474.1793212890625,1.4781451453765233,2.060667159159978,40.81619121233622,2.9172548989454907,377.34816666666666,480.82,2025,cams_gap_fill,January,2024,98.81671584643036,co,Very Poor,Severe,Good,Good,,,Very Poor,2,Low,0.0,0.0,0.0,0.0,0.0,23.7,13.85,32.2,19.25,52.0,38.56,Medium,2026-07-08T10:43:19.313889+00:00,185.2204375796848,103.79,worsening,2023,2025,2021,2025,97.3,96.3
Buldana,Maharashtra,51.57907609893703,100.14466094970705,78.45484867095948,141.4384002685547,0.4237204333146413,0.4630117346843084,11.339329171180726,2.767656526962916,216.9765,341.93,2025,cams_gap_fill,January,2025,42.11438506673255,co,Satisfactory,Moderate,Good,Good,,,Poor,0,Low,0.05,0.04,0.0,12.65,0.43,20.3,9.6,15.7,27.25,57.8,20.02,Low,2026-07-08T10:43:19.313889+00:00,55.98047876358032,18.92,worsening,2023,2025,2021,2025,42.2,20.6
Bundi,Rajasthan,59.61732513243037,111.66179656982422,87.46138235727946,157.1286163330078,0.6100326985120773,0.4520195893943309,13.547806294759114,2.580029223362605,237.0663333333333,390.71,2025,cams_gap_fill,January,2024,55.89571099204262,co,Satisfactory,Moderate,Good,Good,,,Poor,23,High,0.05,0.03,0.0,4.32,0.46,18.1,6.95,12.4,33.3,55.9,24.95,Low,2026-07-08T10:43:19.313889+00:00,62.4919367896186,9.45,stable,2023,2025,2021,2025,55.5,55.9
Burhanpur,MadhyaPradesh,52.87530109252053,100.76317596435548,83.06058394114176,142.3143310546875,0.476454451183478,0.5529015940924485,12.396660423278808,2.648888695240021,227.53366666666668,347.51,2025,cams_gap_fill,January,2024,41.65669502585247,co,Satisfactory,Moderate,Good,Good,,,Poor,11,Moderate,0.0,0.0,0.0,0.0,0.0,14.9,8.1,12.2,22.45,57.3,20.75,Low,2026-07-08T10:43:19.313889+00:00,59.3161391682095,29.5,worsening,2023,2025,2021,2025,45.7,26.6
Buxar,Bihar,128.02927767369135,299.82177734375,228.628391011556,450.7782287597656,1.1574537187814713,1.459590496122837,36.59607086181641,3.035765500863393,356.0258333333333,475.64,2025,cams_gap_fill,January,2021,85.39406069107108,co,Very Poor,Very Poor,Good,Good,,,Very Poor,1,Low,0.09,0.06,0.02,7.9,0.81,12.2,12.2,16.6,22.0,66.2,34.7,Medium,2026-07-08T10:43:19.313889+00:00,161.05632400512695,92.27,worsening,2023,2025,2021,2025,90.7,88.6
Cachar,Assam,56.25888242910544,247.4871826171875,106.73317750295004,627.938232421875,0.4755870267748833,0.4213142248491446,21.789926640192668,2.086527864138285,282.3945,500.0,2025,cams_gap_fill,March,2021,37.899697855522895,co,Satisfactory,Poor,Good,Good,,,Poor,0,Low,0.41,0.07,0.0,5.05,1.65,16.2,13.75,9.1,42.1,57.4,25.04,Medium,2026-07-08T10:43:19.313889+00:00,72.53861819373236,87.34,worsening,2023,2025,2021,2025,51.9,56.2
Chamba,HimachalPradesh,19.747534624904223,28.91950788034738,20.995498371124267,42.3183479309082,0.393171231697003,0.1939816161990165,6.975907564163208,2.807519656419754,162.64133333333334,209.8,2025,cams_gap_fill,January,2024,23.974011667482014,co,Good,Good,Good,Good,,,Moderate,0,Low,0.0,0.0,0.0,0.0,0.89,20.5,11.05,23.2,21.4,43.7,14.96,Low,2026-07-08T10:43:19.313889+00:00,14.902394003338284,-50.13,improving,2023,2025,2021,2025,4.7,3.8
Chamoli,Uttarakhand,18.847331657911457,33.46351844345359,10.951969419206891,31.00457572937012,0.1822779547600518,0.0586381278089468,4.758061570780618,3.638384969461532,135.1313095238095,148.21,2025,sedac_calibrated,February,2023,25.2336275914182,co,Good,Good,Good,Good,,,Moderate,0,Low,0.3,0.01,0.0,8.76,1.51,24.1,8.3,24.2,20.3,41.8,14.8,Low,2026-07-08T10:43:19.313889+00:00,7.147896998458439,-77.72,improving,2023,2025,2021,2025,4.5,3.5
Chamoli,Uttarakhand,18.847331657911457,33.46351844345359,10.951969419206891,31.00457572937012,0.1822779547600518,0.0586381278089468,4.758061570780618,3.638384969461532,135.1313095238095,148.21,2025,sedac_calibrated,February,2023,25.2336275914182,co,Good,Good,Good,Good,,,Moderate,0,Low,0.3,0.01,0.0,8.76,1.51,24.1,8.3,24.2,20.3,41.8,14.8,Low,2026-07-08T10:43:19.313889+00:00,7.147896998458439,-77.72,improving,2023,2025,2021,2025,4.5,3.5
Champawat,Uttarakhand,48.42127067812421,100.29093170166016,85.39304809570312,166.59417724609375,0.4891439532240232,0.3397447355091572,18.21951478322347,2.4991440296173097,284.0845,410.7,2025,cams_gap_fill,December,2025,32.75404946172469,co,Satisfactory,Moderate,Good,Good,,,Poor,0,Low,0.12,0.0,0.0,4.38,0.75,24.8,9.6,17.9,21.8,32.5,23.48,Low,2026-07-08T10:43:19.313889+00:00,59.77539518144396,65.98,worsening,2023,2025,2021,2025,34.2,49.1
Champhai,Mizoram,40.49484111331056,323.3938903808594,78.52313140233358,972.8247680664062,0.2600748368849356,0.1658142873396476,17.787283746401467,2.0105538189411165,205.63766666666663,500.0,2025,cams_gap_fill,March,2021,30.643433153644928,co,Satisfactory,Moderate,Good,Good,,,Poor,0,Low,0.0,0.03,0.0,0.0,0.46,17.85,13.65,22.9,70.6,25.7,18.51,Low,2026-07-08T10:43:19.313889+00:00,49.24844278229608,50.8,worsening,2023,2025,2021,2025,21.2,11.7
Chamrajnagar,Karnataka,38.43920355620072,77.04557037353516,69.66459261576334,108.44549560546876,0.624155671397845,0.6405293454726537,11.643056893348694,2.3766491452852887,224.2035,319.59,2025,cams_gap_fill,December,2025,25.56705342000821,co,Satisfactory,Moderate,Good,Good,,,Poor,0,Low,0.08,0.02,0.0,13.31,0.4,,,,,,19.46,Low,2026-07-08T10:43:19.313889+00:00,49.233150005340576,128.89,worsening,2023,2025,2021,2025,15.7,16.9
Chandauli,UttarPradesh,129.01002055665538,322.8715515136719,242.92733319600424,473.6012573242188,1.4119250863790511,2.114645553628604,38.54113030433655,2.851305921872457,364.3083333333333,480.95,2025,cams_gap_fill,January,2024,78.1935741757805,co,Very Poor,Very Poor,Good,Good,,,Very Poor,5,Low,0.14,0.0,0.0,0.0,0.46,21.25,10.75,23.1,25.95,48.7,36.45,Medium,2026-07-08T10:43:19.313889+00:00,171.66266939375134,142.3,worsening,2023,2025,2021,2025,91.1,92.3
Chandel,Manipur,40.35570125456104,267.0622253417969,74.81405254999797,759.2703857421875,0.2713289957493544,0.1571149200201034,16.450969088077546,1.7763631989558537,221.0748333333333,500.0,2025,cams_gap_fill,March,2021,30.885375662296795,co,Satisfactory,Moderate,Good,Good,,,Poor,0,Low,0.02,0.12,0.0,0.0,0.55,24.95,13.95,33.7,56.3,27.3,20.36,Low,2026-07-08T10:43:19.313889+00:00,48.4930350250668,38.47,worsening,2023,2025,2021,2025,21.0,23.4
Chandigarh,Chandigarh,98.21666093087411,230.6940460205078,185.1333527882894,326.1763000488281,1.429381674528122,2.25719543894132,31.53686114947001,2.872784119844437,351.99133333333333,461.84,2025,cams_gap_fill,January,2024,57.79324214933808,co,Poor,Very Poor,Good,Good,,,Very Poor,0,Low,0.29,0.0,0.0,5.21,0.89,27.8,17.8,44.0,6.35,60.3,34.11,Medium,2026-07-08T10:43:19.313889+00:00,130.29113070170084,158.38,worsening,2023,2025,2021,2025,78.7,87.1
Chandrapur,Maharashtra,51.69504047251617,94.46641540527344,80.32459386189778,132.45993041992188,0.9631050993998844,2.1716945320367813,11.599623453617095,2.95488800406456,221.9633333333333,342.7,2025,cams_gap_fill,December,2025,41.464824229460525,co,Satisfactory,Moderate,Good,Good,,,Poor,23,High,0.05,0.04,0.0,12.65,0.43,20.65,10.05,9.4,30.2,55.5,24.21,Low,2026-07-08T10:43:19.313889+00:00,57.540738105773926,29.98,worsening,2023,2025,2021,2025,42.8,53.6
Changlang,ArunachalPradesh,19.9278011185881,81.32433319091797,33.01176325480143,132.65682983398438,0.131022893761595,0.112645202067991,8.936058910687764,1.6723798125982283,187.674,339.41,2025,cams_gap_fill,March,2022,16.8879254410683,co,Good,Satisfactory,Good,Good,,,Moderate,0,Low,0.01,0.0,0.0,0.0,0.03,25.15,11.15,17.1,40.9,57.2,15.39,Low,2026-07-08T10:43:19.313889+00:00,22.736805929077995,13.2,worsening,2023,2025,2021,2025,4.9,5.0
Chatra,Jharkhand,67.39091083171623,159.44117736816406,112.08854325612386,225.193603515625,0.8139221593737602,0.7923279598355293,19.059355068206788,2.8132044196128847,282.3375,420.82,2025,cams_gap_fill,January,2024,50.28081827869901,co,Moderate,Poor,Good,Good,,,Poor,0,Low,0.02,0.03,0.0,1.42,0.2,19.05,11.95,10.4,28.05,56.0,24.37,Low,2026-07-08T10:43:19.313889+00:00,80.93015453550551,64.18,worsening,2023,2025,2021,2025,63.0,54.6
Chennai,TamilNadu,52.253328942089546,102.34273529052734,91.80828444163004,145.2349090576172,0.5628620704015096,0.8052683095137279,12.899659236272177,2.989689036210378,237.2518333333333,330.56,2025,cams_gap_fill,December,2021,36.69229316812557,co,Satisfactory,Poor,Good,Good,,,Poor,0,Low,0.43,0.05,0.01,57.71,1.4,31.0,24.65,41.9,4.8,50.3,26.24,Medium,2026-07-08T10:43:19.313889+00:00,64.42343362172444,99.8,worsening,2023,2025,2021,2025,44.5,62.1
Chhatarpur,MadhyaPradesh,56.12471149950331,123.9389190673828,88.18861548105876,175.0106658935547,0.5800636723637581,0.4637829316159089,14.735833191871643,2.8059499224027,247.526,404.71,2025,cams_gap_fill,January,2024,46.65431453768415,co,Satisfactory,Moderate,Good,Good,,,Poor,12,Moderate,0.03,0.0,0.0,0.0,0.1,17.35,10.85,13.9,35.65,63.5,23.05,Low,2026-07-08T10:43:19.313889+00:00,64.33212852478027,40.09,worsening,2023,2025,2021,2025,51.5,45.7
Chhindwara,MadhyaPradesh,54.17443598790601,111.72850799560548,91.78961588541668,155.1952362060547,0.6909269173940022,1.032035345832507,14.406943162282309,2.6709369560082754,250.07916666666668,356.38,2025,cams_gap_fill,January,2024,39.03316641833536,co,Satisfactory,Poor,Good,Good,,,Poor,0,Low,0.0,0.0,0.0,0.0,0.0,22.15,12.6,18.6,35.05,41.7,21.75,Low,2026-07-08T10:43:19.313889+00:00,65.28610351350572,67.67,worsening,2023,2025,2021,2025,48.5,37.6
ChhotaUdaipur,Gujarat,65.40835420746238,130.73013305664062,113.40025418599448,189.2753753662109,0.6611927901705106,0.9091574067870776,16.027400652567547,2.533280817667644,256.90366666666665,394.99,2025,cams_gap_fill,January,2021,43.576315557758655,co,Moderate,Poor,Good,Good,,,Poor,0,Low,,,,,,18.45,12.1,7.6,28.3,78.9,22.74,Low,2026-07-08T10:43:19.313889+00:00,80.77048937479655,85.28,worsening,2023,2025,2021,2025,60.9,44.5
Chikballapura,Karnataka,33.6638072817936,69.69606018066406,56.36544583638509,98.57450103759766,0.4494511773188909,0.3509684294462204,9.316757961114249,2.7015488922595976,194.45033333333333,309.71,2025,cams_gap_fill,December,2025,27.70357888451758,co,Satisfactory,Satisfactory,Good,Good,,,Moderate,0,Low,0.08,0.02,0.0,13.31,0.4,,,,,,17.69,Low,2026-07-08T10:43:19.313889+00:00,39.66704281171163,68.31,worsening,2023,2025,2021,2025,10.2,9.2
Chikmagalur,Karnataka,31.781657995736232,63.67393112182617,55.33650929133098,87.24092864990234,0.4241447478532791,0.3465983516226212,9.713817528883617,2.251760437091192,200.6415,303.34,2025,cams_gap_fill,January,2024,21.915286481830464,co,Satisfactory,Satisfactory,Good,Good,,,Poor,0,Low,0.08,0.02,0.0,13.31,0.4,28.95,15.65,33.2,21.6,40.8,19.15,Low,2026-07-08T10:43:19.313889+00:00,39.14120682080587,78.99,worsening,2023,2025,2021,2025,9.2,14.9
Chirang,Assam,37.669672753949065,98.1640396118164,54.1706828435262,137.312744140625,0.2792189834018547,0.1745659107963244,13.937976344426472,2.3456705629825594,245.8933333333333,368.09,2025,cams_gap_fill,February,2025,35.59748686348399,co,Satisfactory,Satisfactory,Good,Good,,,Poor,0,Low,0.42,0.07,0.0,5.05,1.44,23.2,11.05,13.3,36.85,65.2,21.67,Low,2026-07-08T10:43:19.313889+00:00,40.2949013710022,1.99,stable,2023,2025,2021,2025,14.8,37.4
Chitradurga,Karnataka,31.322882994375355,60.26919937133789,49.71403195063273,85.17412567138672,0.3791274572412172,0.2723402492702007,8.402645877997081,2.698230296373368,182.53083333333333,285.23,2025,cams_gap_fill,December,2025,26.254267291169327,co,Satisfactory,Satisfactory,Good,Good,,,Moderate,0,Low,0.08,0.02,0.0,13.31,0.4,30.15,14.75,37.4,25.55,44.6,18.41,Low,2026-07-08T10:43:19.313889+00:00,35.11422650019328,37.22,worsening,2023,2025,2021,2025,8.6,11.4
Chitrakoot,UttarPradesh,86.58075379049615,206.67735290527344,147.20841426849364,298.6486511230469,0.8901400059461594,0.9024121284484864,23.76766144434611,2.9103986303011578,305.37816666666663,440.28,2025,cams_gap_fill,January,2024,62.78943208757838,co,Moderate,Very Poor,Good,Good,,,Very Poor,10,Low,0.0,0.0,0.0,0.0,0.0,15.75,7.1,14.5,36.15,46.6,27.74,Medium,2026-07-08T10:43:19.313889+00:00,105.22835848066542,67.2,worsening,2023,2025,2021,2025,73.1,69.2
Chittaurgarh,Rajasthan,51.01716740968789,90.98568725585938,75.33208815256755,128.07765197753906,0.5162837659319242,0.4796131119132042,10.94703642129898,2.630880822738012,212.84833333333333,351.9,2025,cams_gap_fill,January,2024,47.24401198999598,co,Satisfactory,Moderate,Good,Good,,,Poor,1,Low,0.05,0.03,0.0,4.32,0.46,19.7,10.7,15.3,24.05,45.1,20.08,Low,2026-07-08T10:43:19.313889+00:00,53.64060200585259,12.36,worsening,2023,2025,2021,2025,41.0,21.4
Chittoor,AndhraPradesh,34.794392513826125,73.96061706542969,60.75468152364095,104.62866973876952,0.4986209876835346,0.3591115812460581,10.07282009124756,2.563081153233846,204.4773333333333,318.07,2025,cams_gap_fill,December,2025,26.26117674668297,co,Satisfactory,Moderate,Good,Good,,,Poor,0,Low,0.1,0.03,0.0,42.28,0.43,24.9,19.8,33.4,11.5,51.8,19.73,Low,2026-07-08T10:43:19.313889+00:00,42.40350278218588,88.02,worsening,2023,2025,2021,2025,11.2,18.6
Churachandpur,Manipur,39.081194434271765,267.0622253417969,74.81405254999797,759.2703857421875,0.2713289957493544,0.1571149200201034,16.450969088077546,1.7763631989558537,221.0748333333333,500.0,2025,cams_gap_fill,March,2021,29.09793063612156,co,Satisfactory,Moderate,Good,Good,,,Poor,0,Low,0.02,0.12,0.0,0.0,0.55,20.75,14.35,28.0,67.95,32.0,19.64,Low,2026-07-08T10:43:19.313889+00:00,48.4930350250668,49.63,worsening,2023,2025,2021,2025,17.9,18.3
Churu,Rajasthan,79.79767328223939,187.5320587158203,157.39600982666016,346.1405639648437,0.4010904893279076,0.6083456786970297,11.612720747788748,3.126827641328176,252.7005,393.16,2025,cams_gap_fill,January,2024,58.31771764199618,co,Moderate,Very Poor,Good,Good,,,Poor,22,High,0.05,0.03,0.0,4.32,0.46,23.3,7.55,20.3,22.45,52.9,28.69,Medium,2026-07-08T10:43:19.313889+00:00,98.04473103417293,78.95,worsening,2023,2025,2021,2025,70.3,72.0
Coimbatore,TamilNadu,38.65971736523001,76.94933319091797,71.78863960901896,113.8376235961914,0.5213122377792995,0.4851715410749117,11.667230633894604,2.241587843497594,224.984,324.46,2025,cams_gap_fill,December,2025,23.77501978589214,co,Satisfactory,Moderate,Good,Good,,,Poor,0,Low,0.1,0.0,0.0,0.0,0.33,31.25,18.7,50.0,13.45,48.9,21.65,Low,2026-07-08T10:43:19.313889+00:00,50.92699612511529,147.32,worsening,2023,2025,2021,2025,16.6,37.1
Cuddalore,TamilNadu,39.24893322987013,70.95138549804688,69.0171412150065,103.04287719726562,0.7421814888715744,1.2282243599494298,9.789372245470682,2.6732593417167663,200.3005,305.91,2025,cams_gap_fill,December,2025,29.78613133382329,co,Satisfactory,Moderate,Good,Good,,,Poor,0,Low,0.17,0.17,0.01,42.44,1.05,23.55,20.6,35.1,15.95,58.6,20.96,Low,2026-07-08T10:43:19.313889+00:00,48.13430415259467,90.15,worsening,2023,2025,2021,2025,18.0,28.6
Cuttack,Odisha,63.53185409666912,186.2413787841797,112.82441851298016,263.5377502441406,0.8231826275587082,1.3839935074249905,18.073244444529216,3.077426064014434,266.32033333333334,427.42,2025,cams_gap_fill,December,2025,42.448971261864216,co,Moderate,Poor,Good,Good,,,Poor,0,Low,0.21,0.11,0.0,11.52,1.08,24.9,19.45,32.5,38.4,64.5,26.59,Medium,2026-07-08T10:43:19.313889+00:00,81.4814363055759,99.89,worsening,2023,2025,2021,2025,59.5,63.8
DadraandNagarHaveli,DadraandNagarHaveli,46.49930500514071,105.93141174316406,80.0590014775594,147.6441650390625,0.3324064130584399,0.4534959531078736,11.09576987028122,3.1478731095790864,213.85516666666663,347.83,2025,cams_gap_fill,January,2021,34.76776063322997,co,Satisfactory,Moderate,Good,Good,,,Poor,0,Low,,,,,,,,,,,19.4,Low,2026-07-08T10:43:19.313889+00:00,55.79876327514648,68.96,worsening,2023,2025,2021,2025,30.0,16.6
Dahod,Gujarat,54.67290826005657,104.178466796875,89.93745822906494,145.7194366455078,0.496147625396649,0.5973471646507581,13.07947367032369,2.6302037874857587,234.0215,356.25,2025,cams_gap_fill,January,2024,40.14533655620136,co,Satisfactory,Moderate,Good,Good,,,Poor,0,Low,0.11,0.09,0.01,22.7,0.72,17.95,11.6,6.5,35.25,75.1,21.46,Low,2026-07-08T10:43:19.313889+00:00,64.29491080178155,53.86,worsening,2023,2025,2021,2025,49.0,34.8
DakshinDinajpur,WestBengal,92.35602785990146,240.0292358398437,160.64182624816894,338.67578125,0.7780135621627172,0.7423810203870137,26.279089482625327,2.860154155890147,311.763,443.93,2025,cams_gap_fill,January,2024,64.31060108380274,co,Poor,Very Poor,Good,Good,,,Very Poor,0,Low,,,,,,16.9,19.75,20.2,30.0,82.0,29.09,Medium,2026-07-08T10:43:19.313889+00:00,115.4837817086114,92.33,worsening,2023,2025,2021,2025,75.6,73.5
DakshinaKannada,Karnataka,34.28074613219,72.40669250488281,59.93081947962443,102.31741333007812,0.2817310631275176,0.2986682578921318,9.929248595237732,2.704356833299001,202.0875,327.74,2025,cams_gap_fill,December,2025,22.8091898627348,co,Satisfactory,Satisfactory,Good,Good,,,Poor,0,Low,,,,,,30.0,15.1,22.2,9.75,38.8,18.98,Low,2026-07-08T10:43:19.313889+00:00,42.70610613293118,95.05,worsening,2023,2025,2021,2025,10.8,13.8
Daman,DamanandDiu,48.40848910991962,105.93141174316406,80.0590014775594,147.6441650390625,0.3324064130584399,0.4534959531078736,11.09576987028122,3.1478731095790864,213.85516666666663,347.83,2025,cams_gap_fill,January,2021,38.1010095219947,co,Satisfactory,Moderate,Good,Good,,,Poor,0,Low,0.0,0.0,0.0,0.0,0.0,19.15,14.2,36.9,19.2,60.8,19.38,Low,2026-07-08T10:43:19.313889+00:00,55.79876327514648,48.12,worsening,2023,2025,2021,2025,33.9,16.3
Damoh,MadhyaPradesh,49.318609646539,103.14616394042967,77.59612560272217,145.68128967285156,0.4471966793139775,0.391164331510663,13.073893014589943,2.7806625326474506,234.60183333333333,376.57,2025,cams_gap_fill,January,2024,40.20906964234687,co,Satisfactory,Moderate,Good,Good,,,Poor,6,Low,0.05,0.0,0.0,0.0,0.17,22.0,9.25,17.4,35.75,48.1,21.27,Low,2026-07-08T10:43:19.313889+00:00,56.24211184183756,41.02,worsening,2023,2025,2021,2025,36.5,32.8
Dantewada,Chhattisgarh,35.69441254242122,58.74329376220703,53.14896138509115,86.93415832519531,0.305674476424853,0.2850532279660304,9.551431524753571,2.910654858748118,197.4148333333333,310.66,2025,cams_gap_fill,December,2025,31.47590018614378,co,Satisfactory,Satisfactory,Good,Good,,,Moderate,0,Low,0.01,0.01,0.0,16.12,0.07,21.4,9.4,6.8,46.9,76.0,16.92,Low,2026-07-08T10:43:19.313889+00:00,38.3944034576416,11.4,worsening,2023,2025,2021,2025,12.6,6.8
Darbhanga,Bihar,137.2196630913335,328.9643859863281,253.0126820882161,492.7259216308594,1.0254365891218185,1.3963607534766198,42.11407661437988,2.9925313234329223,371.2841666666666,486.67,2025,cams_gap_fill,February,2021,90.54471137715858,co,Very Poor,Severe,Good,Good,,,Very Poor,0,Low,0.16,0.06,0.02,8.66,1.0,20.5,16.4,13.4,30.35,60.8,38.4,Medium,2026-07-08T10:43:19.313889+00:00,177.8370427025689,122.9,worsening,2023,2025,2021,2025,93.9,96.2
Darjiling,WestBengal,62.886969080349225,133.05929565429688,104.294509379069,187.3170928955078,0.6517461468776067,0.5252368301153183,24.477502489089964,2.5429396947224934,317.1356666666667,428.65,2025,cams_gap_fill,January,2023,48.75416328631794,co,Moderate,Poor,Good,Good,,,Very Poor,0,Low,0.29,0.1,0.0,0.0,1.15,,,,,,27.24,Medium,2026-07-08T10:43:19.313889+00:00,75.31266408496433,60.09,worsening,2023,2025,2021,2025,58.7,66.6
Darrang,Assam,63.2301740170846,145.9134521484375,119.59863872528076,207.54656982421875,0.6615934565663337,0.6407478486498197,21.003778465588887,2.4645201325416566,304.91200000000003,401.97,2025,cams_gap_fill,January,2021,39.16447241857916,co,Moderate,Poor,Good,Good,,,Very Poor,0,Low,0.43,0.07,0.0,5.05,1.47,15.6,12.6,13.3,26.6,70.4,26.25,Medium,2026-07-08T10:43:19.313889+00:00,86.14336554209392,134.54,worsening,2023,2025,2021,2025,59.2,62.3
Datia,MadhyaPradesh,71.93164787119059,145.77735900878906,106.7697806040446,205.9185943603516,0.7290035039186478,0.6772557117044926,17.453474926948548,2.758652448654175,269.9741666666667,417.32,2025,cams_gap_fill,January,2024,65.48379066391058,co,Moderate,Poor,Good,Good,,,Poor,18,Moderate,0.0,0.0,0.0,0.0,0.0,17.5,13.4,19.1,25.7,58.6,27.1,Medium,2026-07-08T10:43:19.313889+00:00,77.2553833855523,15.94,worsening,2023,2025,2021,2025,67.2,65.9
Dausa,Rajasthan,78.85715627945827,163.1036834716797,127.29547850290936,227.5978240966797,0.8547247603535653,0.7848052963614464,20.15349720319112,2.6052000264326733,286.3896666666667,423.31,2025,cams_gap_fill,January,2024,65.13376012899869,co,Moderate,Very Poor,Good,Good,,,Poor,7,Low,0.07,0.03,0.0,4.32,0.52,14.15,7.95,9.1,31.65,60.3,26.22,Medium,2026-07-08T10:43:19.313889+00:00,89.82823647393121,34.84,worsening,2023,2025,2021,2025,69.5,61.8
Davanagere,Karnataka,32.63009305497316,59.65671157836914,53.46601489384969,84.31453704833984,0.3704718831926584,0.3012226921816666,8.86860275665919,2.64962462981542,189.10916666666665,282.1,2025,cams_gap_fill,December,2025,25.651153644964023,co,Satisfactory,Satisfactory,Good,Good,,,Moderate,0,Low,0.08,0.02,0.0,14.02,0.4,27.15,16.8,38.1,19.45,51.7,18.69,Low,2026-07-08T10:43:19.313889+00:00,37.40585727161832,43.19,worsening,2023,2025,2021,2025,9.6,12.6
Debagarh,Odisha,55.55651167974305,111.3226318359375,85.31296571095784,157.3412322998047,0.7748344937960306,0.802486447741588,14.874780225753783,2.797591012716293,250.0885,395.56,2025,cams_gap_fill,December,2025,46.34363501386653,co,Satisfactory,Moderate,Good,Good,,,Poor,0,Low,0.1,0.13,0.0,11.52,0.84,23.8,13.8,13.4,40.0,72.2,23.61,Low,2026-07-08T10:43:19.313889+00:00,62.88181251949735,30.16,worsening,2023,2025,2021,2025,50.6,50.3
Dehradun,Uttarakhand,54.9355266451463,103.0497589111328,90.16401793162028,145.45277404785156,0.8137401094039282,0.8282905414700508,19.19180091222127,2.848444628715515,296.7978333333333,401.77,2025,cams_gap_fill,November,2024,42.48481531074922,co,Satisfactory,Poor,Good,Good,,,Poor,0,Low,0.13,0.0,0.0,4.38,0.78,27.8,15.8,39.8,14.0,47.9,26.21,Medium,2026-07-08T10:43:19.313889+00:00,64.02725553512573,44.67,worsening,2023,2025,2021,2025,49.6,61.7
Deoghar,Jharkhand,88.65417132664824,228.980224609375,160.37011585235595,323.2234802246094,1.0028491338094077,1.2710509856541952,24.971998858451844,2.965294245878856,312.077,438.56,2025,cams_gap_fill,January,2024,57.981087813389294,co,Moderate,Very Poor,Good,Good,,,Very Poor,0,Low,0.04,0.03,0.0,1.42,0.27,16.35,11.75,10.9,29.3,70.2,27.79,Medium,2026-07-08T10:43:19.313889+00:00,114.63663132985432,110.84,worsening,2023,2025,2021,2025,74.3,69.5
Deoria,UttarPradesh,140.84040327389076,355.5644836425781,254.088511912028,499.41302490234375,1.0953071852525076,1.612242473165194,39.78671803474426,3.2135023633639017,368.935,476.08,2025,cams_gap_fill,November,2021,96.2255732685261,co,Very Poor,Severe,Good,Good,,,Very Poor,0,Low,0.01,0.0,0.0,0.0,0.03,19.3,11.1,19.3,19.6,33.8,36.32,Medium,2026-07-08T10:43:19.313889+00:00,178.22897020975748,99.54,worsening,2023,2025,2021,2025,95.9,91.8
DevbhumiDwarka,Gujarat,39.97427166856413,99.4043426513672,56.995162900288896,137.2177276611328,0.229865653378268,0.31275362384816,6.507508985201517,2.9500425378481547,158.41649999999998,279.36,2025,cams_gap_fill,January,2024,39.54263009423767,co,Satisfactory,Satisfactory,Good,Good,,,Moderate,0,Low,,,,,,17.7,13.5,24.1,42.4,48.8,15.83,Low,2026-07-08T10:43:19.313889+00:00,39.22026811705695,-1.12,stable,2023,2025,2021,2025,20.1,5.5
Dewas,MadhyaPradesh,52.31209406941632,96.6366958618164,81.6138412475586,135.6156768798828,0.4132914140820503,0.477336785942316,11.65950059890747,2.8839726130167644,223.44266666666667,342.42,2025,cams_gap_fill,January,2024,42.26312381385599,co,Satisfactory,Moderate,Good,Good,,,Poor,3,Low,0.0,0.0,0.0,0.0,0.0,26.5,8.6,19.2,24.7,51.3,21.0,Low,2026-07-08T10:43:19.313889+00:00,58.48783768547906,34.08,worsening,2023,2025,2021,2025,44.7,29.4
Dhalai,Tripura,61.8378936702666,240.9022674560547,100.85951124827066,630.7185668945312,0.4403502434492111,0.3762127213180065,19.758558130264284,2.205193463961284,264.66016666666667,500.0,2025,cams_gap_fill,March,2021,51.30704786639525,co,Moderate,Poor,Good,Good,,,Poor,0,Low,0.09,0.16,0.0,0.0,0.78,15.95,15.75,19.1,58.25,70.0,23.95,Low,2026-07-08T10:43:19.313889+00:00,70.16985289255778,21.18,worsening,2023,2025,2021,2025,58.3,52.4
Dhamtari,Chhattisgarh,52.35129195122195,84.2116470336914,66.5792052268982,118.67206573486328,0.3968275811523199,0.3828284095972776,10.84944056669871,3.175881898403168,212.70033333333333,333.57,2025,cams_gap_fill,December,2025,54.83012185266206,co,Satisfactory,Moderate,Good,Good,,,Poor,7,Low,0.02,0.01,0.0,16.12,0.1,22.95,12.1,12.7,26.05,59.6,21.38,Low,2026-07-08T10:43:19.313889+00:00,48.59398206075033,-19.26,improving,2023,2025,2021,2025,45.0,33.9
Dhanbad,Jharkhand,91.8291277070291,221.22769165039065,156.66794783274332,312.4676818847656,1.0714975714683532,1.394464139143626,24.99528843561808,2.820638006925583,315.613,436.39,2025,cams_gap_fill,January,2024,67.87103768934473,co,Poor,Very Poor,Good,Good,,,Very Poor,0,Low,0.02,0.03,0.0,1.42,0.2,21.7,11.6,16.4,27.65,63.8,28.99,Medium,2026-07-08T10:43:19.313889+00:00,111.86027410295274,62.17,worsening,2023,2025,2021,2025,75.4,73.1
Dhar,MadhyaPradesh,52.987942585265465,96.43683624267578,80.98049227396648,134.10682678222656,0.4092290135721365,0.4735359112421671,11.751837615172068,2.6634729047616323,221.977,344.52,2025,cams_gap_fill,January,2024,43.17234720004307,co,Satisfactory,Moderate,Good,Good,,,Poor,0,Low,0.0,0.0,0.0,0.0,0.0,19.85,10.1,10.1,25.75,50.2,19.75,Low,2026-07-08T10:43:19.313889+00:00,57.9414701991611,23.75,worsening,2023,2025,2021,2025,45.9,18.9
Dharmapuri,TamilNadu,48.34276201604696,95.71420288085938,88.19014828999838,135.22726440429688,0.7589204793175062,0.9342378879586856,14.33121566772461,2.206580962737401,252.08383333333333,346.49,2025,cams_gap_fill,February,2025,31.022022002567223,co,Satisfactory,Moderate,Good,Good,,,Poor,0,Low,0.01,0.0,0.0,0.0,0.03,28.3,16.75,33.4,16.25,42.5,22.72,Low,2026-07-08T10:43:19.313889+00:00,63.12689452701144,146.35,worsening,2023,2025,2021,2025,33.7,44.2
Dharwad,Karnataka,37.62486501203274,73.09476470947266,62.84875742594401,103.19409942626952,0.4176371256510416,0.3975772990534703,9.742678149541218,2.812358274062474,201.15566666666663,309.84,2025,cams_gap_fill,January,2023,27.600690298747992,co,Satisfactory,Moderate,Good,Good,,,Poor,0,Low,0.08,0.02,0.0,14.02,0.4,25.15,13.95,33.8,21.8,52.1,19.05,Low,2026-07-08T10:43:19.313889+00:00,44.08917122417026,51.0,worsening,2023,2025,2021,2025,14.5,14.3
Dhaulpur,Rajasthan,122.13377599494402,289.6689758300781,213.59026006062825,407.25189208984375,1.1194701393445332,1.4555721427003545,34.53371280034383,2.718472687403361,350.69983333333334,470.72,2025,cams_gap_fill,January,2024,85.52968949760537,co,Very Poor,Very Poor,Good,Good,,,Very Poor,12,Moderate,0.07,0.03,0.0,4.32,0.49,14.25,6.55,11.7,28.95,68.5,34.6,Medium,2026-07-08T10:43:19.313889+00:00,152.71374320983887,89.54,worsening,2023,2025,2021,2025,89.2,88.3
Dhemaji,Assam,27.1073267057673,105.58265686035156,44.522711753845215,147.27191162109375,0.2716668066879114,0.4259485026200612,9.765728584925334,2.34640052318573,199.68016666666665,297.25,2025,cams_gap_fill,April,2023,21.02350619698093,co,Good,Satisfactory,Good,Good,,,Moderate,0,Low,0.62,0.07,0.0,5.05,1.88,20.05,10.55,15.6,44.45,62.9,18.66,Low,2026-07-08T10:43:19.313889+00:00,32.44795934359232,38.37,worsening,2023,2025,2021,2025,6.4,12.4
Dhenkanal,Odisha,65.95052395437497,171.1982879638672,114.84791247049968,242.08924865722656,1.0836631695429484,1.878590214252472,18.68592124780019,2.670915881792704,273.59866666666665,423.85,2025,cams_gap_fill,December,2025,45.56518141517123,co,Moderate,Poor,Good,Good,,,Poor,0,Low,0.1,0.11,0.0,11.52,0.78,25.65,15.85,21.8,42.1,65.9,26.31,Medium,2026-07-08T10:43:19.313889+00:00,83.32905048794217,86.12,worsening,2023,2025,2021,2025,61.5,62.6
Dhubri,Assam,66.69084024258002,152.14645385742188,119.54005654652912,214.48532104492188,0.5622546136379242,0.4838278035322825,21.44347492853801,2.4846249083677927,298.7725,416.65,2025,cams_gap_fill,January,2021,44.61430496031094,co,Moderate,Poor,Good,Good,,,Poor,0,Low,0.34,0.35,0.0,5.05,1.88,18.6,9.3,12.4,38.4,63.2,26.99,Medium,2026-07-08T10:43:19.313889+00:00,86.57110786437988,99.77,worsening,2023,2025,2021,2025,62.6,65.7
Dhule,Maharashtra,51.59707047797466,98.84347534179688,79.59076811472575,140.13412475585938,0.4986135805646578,0.5178817455967267,11.738623650868734,2.589699053764343,220.47583333333333,351.38,2025,cams_gap_fill,January,2021,41.63846837599145,co,Satisfactory,Moderate,Good,Good,,,Poor,0,Low,0.05,0.04,0.0,12.65,0.43,23.25,14.35,23.9,7.8,61.2,21.32,Low,2026-07-08T10:43:19.313889+00:00,56.16470453474257,21.52,worsening,2023,2025,2021,2025,42.3,33.3
DibangValley,ArunachalPradesh,6.021207559552626,12.120534896850586,7.456925062338511,24.23854255676269,0.1084638547773162,0.0117819504812359,5.214938779671987,2.684937063852946,140.78416666666666,180.78,2025,cams_gap_fill,February,2025,8.010369466605908,co,Good,Good,Good,Good,,,Moderate,0,Low,,,,,,38.8,10.8,21.7,37.85,62.9,13.8,Low,2026-07-08T10:43:19.313889+00:00,5.044099168645011,-48.61,improving,2023,2025,2021,2025,0.3,1.9
Dibrugarh,Assam,42.83829093834188,172.604736328125,86.55520207087199,370.119140625,0.461610110104084,0.5391865362723668,17.092165358861287,2.0765407105286915,266.7176666666667,436.09,2025,cams_gap_fill,January,2022,27.03644901835217,co,Satisfactory,Moderate,Good,Good,,,Poor,0,Low,0.44,0.07,0.0,5.05,1.49,19.75,17.3,20.9,42.8,70.8,23.62,Low,2026-07-08T10:43:19.313889+00:00,56.56811115476821,107.88,worsening,2023,2025,2021,2025,24.7,50.6
DimaHasao,Assam,49.58431503550212,284.81005859375,94.4887690226237,662.7138671875,0.3950764544308185,0.3205293238162994,20.20546912352244,1.9695729573567708,269.282,500.0,2025,cams_gap_fill,March,2021,32.7721828788888,co,Satisfactory,Poor,Good,Good,,,Poor,0,Low,,,,,,20.3,11.55,16.2,38.25,60.5,21.52,Low,2026-07-08T10:43:19.313889+00:00,64.66144953833685,106.18,worsening,2023,2025,2021,2025,37.1,35.5
Dimapur,Nagaland,41.05826608393064,152.5990753173828,72.7181248664856,408.2977600097656,0.3761383523543676,0.2903213545680046,16.22309686342875,2.1169126451015474,253.808,463.95,2025,cams_gap_fill,March,2021,32.46613699883286,co,Satisfactory,Moderate,Good,Good,,,Poor,0,Low,0.02,0.0,0.0,1.42,0.07,19.7,13.05,21.1,30.2,34.7,20.12,Low,2026-07-08T10:43:19.313889+00:00,49.443511168162026,53.73,worsening,2023,2025,2021,2025,22.0,22.0
Dindigul,TamilNadu,38.6408004442596,77.8757095336914,68.82069829305013,110.9688491821289,0.5060578232010206,0.4952307303746541,10.686016273498534,2.4318112750848133,211.64916666666667,322.04,2025,cams_gap_fill,December,2025,26.55792000432845,co,Satisfactory,Moderate,Good,Good,,,Poor,0,Low,0.0,0.02,0.0,0.0,0.07,29.95,23.6,38.5,17.1,42.6,21.27,Low,2026-07-08T10:43:19.313889+00:00,48.46279658211602,103.34,worsening,2023,2025,2021,2025,16.3,32.8
Dindori,MadhyaPradesh,44.84469710118135,87.57505798339844,68.07926708857218,121.11454010009766,0.57971741532286,0.5033399575700362,11.493648330370585,2.9500966986020405,220.6085,333.42,2025,cams_gap_fill,January,2024,37.45299752553788,co,Satisfactory,Moderate,Good,Good,,,Poor,0,Low,0.0,0.0,0.0,0.0,0.0,26.45,9.7,7.9,41.7,65.2,19.66,Low,2026-07-08T10:43:19.313889+00:00,49.39486424128214,27.66,worsening,2023,2025,2021,2025,27.5,18.5
Diu,DamanandDiu,40.090836683909096,97.91498565673828,62.96511014302572,135.54965209960938,0.3202397211144367,0.4343846892938018,8.168361218770345,3.0080615083376565,180.2433333333333,308.63,2025,cams_gap_fill,January,2024,34.71449315029642,co,Satisfactory,Moderate,Good,Good,,,Moderate,0,Low,0.0,0.0,0.0,0.0,0.0,17.9,18.35,30.6,18.1,50.3,17.47,Low,2026-07-08T10:43:19.313889+00:00,43.7055614789327,26.52,worsening,2023,2025,2021,2025,20.6,8.3
Doda,JammuandKashmir,38.160700204369896,77.05207824707031,64.26023915608724,108.55355072021484,0.5847249363859495,0.3503995291888714,14.167003202438355,2.4589190423488616,251.4848333333333,356.3,2025,cams_gap_fill,January,2024,27.922540867982107,co,Satisfactory,Moderate,Good,Good,,,Poor,0,Low,0.08,0.12,0.0,12.17,0.78,22.3,9.9,31.3,20.15,66.5,20.67,Low,2026-07-08T10:43:19.313889+00:00,46.16429699791802,64.15,worsening,2023,2025,2021,2025,14.9,26.0
Dumka,Jharkhand,87.91385118519239,228.980224609375,160.37011585235595,323.2234802246094,1.0028491338094077,1.2710509856541952,24.971998858451844,2.965294245878856,312.077,438.56,2025,cams_gap_fill,January,2024,56.60052198379849,co,Moderate,Very Poor,Good,Good,,,Very Poor,0,Low,0.04,0.03,0.0,1.42,0.27,17.05,11.9,9.1,33.1,73.4,27.83,Medium,2026-07-08T10:43:19.313889+00:00,114.63663132985432,118.2,worsening,2023,2025,2021,2025,73.8,69.8
Dungarpur,Rajasthan,54.808088434905365,96.51589965820312,86.10629558563232,135.58746337890625,0.549638178696235,0.5292304083704948,11.987125583489735,2.3344419419765474,225.8703333333333,349.75,2025,cams_gap_fill,January,2024,44.67807848964131,co,Satisfactory,Moderate,Good,Good,,,Poor,1,Low,0.05,0.03,0.0,4.32,0.46,13.9,12.6,4.4,22.2,72.6,20.47,Low,2026-07-08T10:43:19.313889+00:00,61.65730677710639,37.73,worsening,2023,2025,2021,2025,49.4,24.7
Durg,Chhattisgarh,66.56342372232115,101.59308624267578,80.92911551793416,143.6774444580078,0.5267170391976833,0.5440863678852718,12.822489301363628,3.1293179353078204,235.7805,359.0,2025,cams_gap_fill,December,2025,69.93215689231357,co,Moderate,Moderate,Good,Good,,,Poor,13,Moderate,0.06,0.01,0.0,16.12,0.24,24.55,11.7,23.9,21.9,51.7,25.41,Medium,2026-07-08T10:43:19.313889+00:00,58.78454499774509,-28.76,improving,2023,2025,2021,2025,62.3,58.0
EastGaroHills,Meghalaya,50.144858771845534,213.6407165527344,86.96482664744059,320.280029296875,0.4297039931019147,0.3422140712539355,15.919182737668356,2.4784194906552632,254.1171666666667,429.63,2025,cams_gap_fill,March,2021,35.207017055096365,co,Satisfactory,Moderate,Good,Good,,,Poor,0,Low,,,,,,19.25,12.75,7.0,30.15,50.9,21.0,Low,2026-07-08T10:43:19.313889+00:00,63.00280507405599,77.65,worsening,2023,2025,2021,2025,38.6,29.4
EastGodavari,AndhraPradesh,49.26391248703003,123.23744201660156,87.15062815348307,174.2201385498047,0.4775951767961184,0.5642920166254044,13.319185606638593,2.951086664199829,236.89383333333333,396.67,2025,cams_gap_fill,December,2025,33.85364398614402,co,Satisfactory,Moderate,Good,Good,,,Poor,0,Low,,,,,,30.6,24.65,44.4,14.35,63.0,23.7,Low,2026-07-08T10:43:19.313889+00:00,62.526659700605606,105.48,worsening,2023,2025,2021,2025,35.9,51.3
EastKameng,ArunachalPradesh,31.55665063078685,81.59827423095703,59.04447631835937,120.49861145019533,0.3611479595303535,0.2328252244740724,13.234660387039185,2.2147861818472543,242.7623333333333,332.34,2025,cams_gap_fill,February,2025,19.50684925251444,co,Satisfactory,Satisfactory,Good,Good,,,Poor,0,Low,,,,,,24.25,11.4,19.6,36.55,26.2,18.86,Low,2026-07-08T10:43:19.313889+00:00,42.95922051535712,156.63,worsening,2023,2025,2021,2025,8.7,13.3
EastKhasiHills,Meghalaya,42.22504728317261,119.83509063720705,72.82203499476115,229.6206970214844,0.4254214284320672,0.325485053534309,14.198009236653643,2.467559637626012,244.92316666666665,406.45,2025,cams_gap_fill,March,2021,31.4109234975732,co,Satisfactory,Moderate,Good,Good,,,Poor,0,Low,,,,,,24.75,9.25,15.6,40.85,48.2,19.99,Low,2026-07-08T10:43:19.313889+00:00,52.36139472325643,65.31,worsening,2023,2025,2021,2025,23.8,20.2
EastNimar,MadhyaPradesh,50.214603602765344,92.11603546142578,76.59932924906413,130.0911865234375,0.4402672914167245,0.5082672191162904,11.402496361732483,2.744826058546702,220.31833333333333,339.37,2025,cams_gap_fill,January,2024,41.80751709590604,co,Satisfactory,Moderate,Good,Good,,,Poor,11,Moderate,,,,,,,,,,,21.94,Low,2026-07-08T10:43:19.313889+00:00,54.69444142447578,20.03,worsening,2023,2025,2021,2025,39.1,39.2
EastSiang,ArunachalPradesh,13.99717961405058,32.31575012207031,19.9356704666501,46.90388488769531,0.1549903887013594,0.0640067315793462,7.177443969817388,2.147381125461488,165.27940476190474,220.8,2025,sedac_calibrated,February,2025,13.085519894380518,co,Good,Good,Good,Good,,,Moderate,0,Low,,,,,,33.9,11.1,27.9,38.0,35.2,15.05,Low,2026-07-08T10:43:19.313889+00:00,15.10445499420166,-6.21,stable,2023,2025,2021,2025,2.9,4.4
EastSiang,ArunachalPradesh,13.99717961405058,32.31575012207031,19.9356704666501,46.90388488769531,0.1549903887013594,0.0640067315793462,7.177443969817388,2.147381125461488,165.27940476190474,220.8,2025,sedac_calibrated,February,2025,13.085519894380518,co,Good,Good,Good,Good,,,Moderate,0,Low,,,,,,33.9,11.1,27.9,38.0,35.2,15.05,Low,2026-07-08T10:43:19.313889+00:00,15.10445499420166,-6.21,stable,2023,2025,2021,2025,2.9,4.4
EastSikkim,Sikkim,60.44115662377697,133.05929565429688,104.294509379069,187.3170928955078,0.6517461468776067,0.5252368301153183,24.477502489089964,2.5429396947224934,317.1356666666667,428.65,2025,cams_gap_fill,January,2023,43.676653509955045,co,Moderate,Poor,Good,Good,,,Very Poor,0,Low,,,,,,,,,,,25.22,Medium,2026-07-08T10:43:19.313889+00:00,75.31266408496433,84.88,worsening,2023,2025,2021,2025,56.5,57.0
Ernakulam,Kerala,53.59405792852886,125.21438598632812,101.77046025594076,176.9355926513672,0.6088355471690495,0.614225306113561,16.602995109558105,2.4469039996465045,263.171,403.18,2025,cams_gap_fill,December,2025,29.19136727214826,co,Satisfactory,Poor,Good,Good,,,Poor,0,Low,0.12,0.04,0.01,6.99,0.61,29.9,25.65,39.6,8.35,31.7,26.24,Medium,2026-07-08T10:43:19.313889+00:00,72.99348041746352,194.97,worsening,2023,2025,2021,2025,47.2,62.1
Erode,TamilNadu,43.60216563833779,83.30779266357422,78.42135982513427,125.13605499267578,0.6544127101699512,0.7067957878112793,12.485818227132162,2.3542363325754803,233.6158333333333,333.67,2025,cams_gap_fill,December,2024,29.06185145313616,co,Satisfactory,Moderate,Good,Good,,,Poor,0,Low,0.01,0.0,0.0,0.0,0.03,32.8,16.35,37.1,18.65,55.4,22.03,Low,2026-07-08T10:43:19.313889+00:00,55.0202587975396,105.92,worsening,2023,2025,2021,2025,25.6,40.2
Etah,UttarPradesh,143.653003128276,329.391845703125,254.62243614196777,464.2601623535156,2.424431395530701,9.586285229523977,37.23155506451925,1.8596792340278625,366.1813333333333,470.61,2025,cams_gap_fill,January,2024,101.11842555385728,co,Very Poor,Severe,Good,Good,,,Very Poor,3,Low,0.0,0.0,0.0,0.0,0.0,17.8,6.9,20.4,25.5,55.4,36.21,Medium,2026-07-08T10:43:19.313889+00:00,178.61745156182184,88.81,worsening,2023,2025,2021,2025,97.0,91.6
Etawah,UttarPradesh,120.79814755757648,276.2229919433594,203.64186477661133,388.2946166992188,1.2759369969367982,1.9417623509963355,32.57718084653219,2.68910818696022,344.92483333333337,463.28,2025,cams_gap_fill,January,2024,90.15610170395408,co,Very Poor,Very Poor,Good,Good,,,Very Poor,5,Low,0.0,0.0,0.0,0.0,0.0,18.2,9.55,23.7,25.35,57.4,33.35,Medium,2026-07-08T10:43:19.313889+00:00,144.28441259596082,61.42,worsening,2023,2025,2021,2025,88.2,82.7
Faizabad,UttarPradesh,115.52764836842267,245.2063903808593,191.8086327870687,359.3861083984375,0.98073375026385,1.1809366683165232,30.54180479844411,3.159398599465688,339.93666666666667,453.36,2025,cams_gap_fill,January,2024,88.65807096616064,co,Poor,Very Poor,Good,Good,,,Very Poor,1,Low,0.03,0.0,0.0,0.0,0.1,16.3,18.8,24.5,24.95,52.3,33.09,Medium,2026-07-08T10:43:19.313889+00:00,137.2308455573188,61.06,worsening,2023,2025,2021,2025,85.8,81.8
Faridabad,Haryana,195.0191684035836,502.1814880371094,381.0300097147624,708.5647583007812,2.077262218793233,4.532063949108124,54.85331711769104,2.476600541671117,415.7071666666667,500.0,2025,cams_gap_fill,February,2021,110.55300761611144,co,Very Poor,Severe,Good,Good,,,Severe,7,Low,0.03,0.01,0.0,0.41,0.27,24.75,10.8,37.1,12.85,54.2,47.04,Medium,2026-07-08T10:43:19.313889+00:00,267.9651650322808,198.18,worsening,2023,2025,2021,2025,99.4,99.7
Faridkot,Punjab,103.66892578424192,269.0248107910156,186.8864938100179,526.7850952148438,1.28126363158226,1.4070469319820404,29.592555220921835,2.9812347412109377,338.8403333333333,487.7,2025,cams_gap_fill,November,2021,72.78002792384416,co,Poor,Very Poor,Good,Good,,,Very Poor,4,Low,0.05,0.01,0.01,1.17,0.33,30.75,15.8,39.4,9.35,63.2,34.2,Medium,2026-07-08T10:43:19.313889+00:00,128.75710593329535,81.17,worsening,2023,2025,2021,2025,81.2,87.3
Farrukhabad,UttarPradesh,119.70697176200036,263.98321533203125,201.1736385345459,372.7238464355469,1.3545610388120015,2.166741189857324,30.731011192003887,2.846572222312292,341.1145,456.69,2025,cams_gap_fill,January,2024,90.70083645682156,co,Poor,Very Poor,Good,Good,,,Very Poor,2,Low,0.01,0.0,0.0,0.0,0.03,14.3,6.9,15.7,27.7,56.9,31.64,Medium,2026-07-08T10:43:19.313889+00:00,142.06672721438937,61.09,worsening,2023,2025,2021,2025,87.4,79.3
Fatehabad,Haryana,96.72562695202666,196.8775634765625,162.96052729288738,282.56988525390625,1.0904190679391226,1.078326900800069,23.58932485580444,2.8174492180347444,316.71233333333333,425.02,2025,cams_gap_fill,November,2021,73.46315962537504,co,Poor,Very Poor,Good,Good,,,Very Poor,8,Low,0.03,0.01,0.0,0.41,0.27,18.8,16.55,29.8,12.15,62.3,31.37,Medium,2026-07-08T10:43:19.313889+00:00,114.02021270328098,58.59,worsening,2023,2025,2021,2025,77.4,79.0
FatehgarhSahib,Punjab,103.39086541012132,230.6940460205078,185.1333527882894,326.1763000488281,1.429381674528122,2.25719543894132,31.53686114947001,2.872784119844437,351.99133333333333,461.84,2025,cams_gap_fill,January,2024,71.44009796633368,co,Poor,Very Poor,Good,Good,,,Very Poor,0,Low,,,,,,33.45,16.65,48.2,6.25,65.1,34.07,Medium,2026-07-08T10:43:19.313889+00:00,130.29113070170084,97.79,worsening,2023,2025,2021,2025,80.9,86.8
Fatehpur,UttarPradesh,121.91128375386344,281.1524658203125,211.423720296224,397.4209899902344,1.1446109970410665,1.383644488453865,34.48323136965434,2.92388695081075,350.5396666666667,472.75,2025,cams_gap_fill,January,2024,84.90190120274906,co,Very Poor,Very Poor,Good,Good,,,Very Poor,6,Low,0.0,0.0,0.0,0.0,0.0,17.5,7.25,15.8,40.8,63.0,33.42,Medium,2026-07-08T10:43:19.313889+00:00,150.7754201889038,81.15,worsening,2023,2025,2021,2025,88.8,83.0
Fazilka,Punjab,92.8200364456416,212.5372467041016,161.72212295532228,337.8783569335937,1.025604968269666,0.7819773808121682,23.086669913927715,2.95147864818573,310.88466666666665,440.43,2025,cams_gap_fill,November,2021,65.83289512193272,co,Poor,Very Poor,Good,Good,,,Very Poor,13,Moderate,0.05,0.01,0.01,1.17,0.33,32.05,13.65,31.6,8.95,66.9,33.14,Medium,2026-07-08T10:43:19.313889+00:00,113.10547161102296,74.22,worsening,2023,2025,2021,2025,75.9,82.0
Firozabad,UttarPradesh,124.14049311742204,276.2229919433594,203.64186477661133,388.2946166992188,1.2759369969367982,1.9417623509963355,32.57718084653219,2.68910818696022,346.38766666666663,463.28,2025,cams_gap_fill,January,2024,99.05079336697356,co,Very Poor,Very Poor,Good,Good,,,Very Poor,6,Low,0.0,0.0,0.0,0.0,0.0,19.3,8.45,24.3,25.4,57.1,33.98,Medium,2026-07-08T10:43:19.313889+00:00,144.28441259596082,46.14,worsening,2023,2025,2021,2025,89.6,86.7
Firozpur,Punjab,104.9098316214179,269.0248107910156,186.8864938100179,526.7850952148438,1.28126363158226,1.4070469319820404,29.592555220921835,2.9812347412109377,338.8403333333333,487.7,2025,cams_gap_fill,November,2021,74.2276638035691,co,Poor,Very Poor,Good,Good,,,Very Poor,2,Low,0.05,0.01,0.01,1.17,0.33,31.8,12.95,39.2,6.35,61.5,33.75,Medium,2026-07-08T10:43:19.313889+00:00,128.75710593329535,73.7,worsening,2023,2025,2021,2025,81.8,84.8
Gadag,Karnataka,35.017324069288904,70.99315643310547,55.92334454854329,99.87281036376952,0.3695576205849648,0.3118657099703947,8.543379358450572,2.9056691507498424,184.58983333333333,301.02,2025,cams_gap_fill,December,2025,27.832550438318776,co,Satisfactory,Satisfactory,Good,Good,,,Moderate,0,Low,0.13,0.02,0.0,14.02,0.55,23.0,12.65,30.6,22.05,50.5,17.78,Low,2026-07-08T10:43:19.313889+00:00,39.4538475672404,37.19,worsening,2023,2025,2021,2025,11.7,9.5
Gajapati,Odisha,42.10323718964627,94.319091796875,73.72829224268595,153.90139770507812,0.4852186232805252,0.4434007100760936,12.956334273020426,3.204437794288,233.3495,375.77,2025,cams_gap_fill,December,2025,28.565750659502005,co,Satisfactory,Moderate,Good,Good,,,Poor,0,Low,0.25,0.17,0.0,21.64,1.32,22.3,11.45,17.5,26.35,66.1,21.45,Low,2026-07-08T10:43:19.313889+00:00,53.38021723429362,92.49,worsening,2023,2025,2021,2025,23.5,34.6
Ganderbal,JammuandKashmir,26.438821390713507,44.8287467956543,44.72119286855062,63.25624465942383,0.5056647554039955,0.3584554009139538,12.437669372558592,3.2038872996966044,233.87266666666667,325.68,2025,cams_gap_fill,January,2021,20.690921046845755,co,Good,Satisfactory,Good,Good,,,Poor,0,Low,0.08,0.02,0.0,12.17,0.55,20.3,8.75,34.2,21.3,77.2,17.74,Low,2026-07-08T10:43:19.313889+00:00,31.737776438395183,58.77,worsening,2023,2025,2021,2025,6.2,9.3
Gandhinagar,Gujarat,82.34283418272922,184.0506134033203,150.6140505472819,258.9234619140625,0.9839661300182344,1.803507391611735,20.094151441256205,2.132056492567062,284.90933333333334,412.31,2025,cams_gap_fill,November,2024,52.49156833918348,co,Moderate,Very Poor,Good,Good,,,Poor,0,Low,0.12,0.09,0.01,27.94,0.75,26.6,18.6,29.5,20.5,68.8,29.23,Medium,2026-07-08T10:43:19.313889+00:00,107.39201270209418,136.41,worsening,2023,2025,2021,2025,71.2,73.9
Ganganagar,Rajasthan,87.16044357679259,188.07321166992188,163.5615447998047,320.4237976074219,0.5297494952877363,0.426126467436552,14.321250224113465,3.1126022736231485,271.831,407.49,2025,cams_gap_fill,January,2024,62.28909821192923,co,Moderate,Very Poor,Good,Good,,,Poor,20,Moderate,0.05,0.03,0.0,4.32,0.46,17.25,8.95,19.5,15.55,59.0,29.31,Medium,2026-07-08T10:43:19.313889+00:00,106.787676387363,86.46,worsening,2023,2025,2021,2025,73.5,74.3
Ganjam,Odisha,47.16816312154135,119.19723510742188,79.4183214187622,168.38970947265625,0.390082698315382,0.4417713989814122,13.176010179519654,3.733811211585999,233.326,397.42,2025,cams_gap_fill,December,2025,34.28212309142866,co,Satisfactory,Moderate,Good,Good,,,Poor,0,Low,0.11,0.17,0.0,21.64,0.97,26.55,18.55,36.9,31.5,56.7,23.23,Low,2026-07-08T10:43:19.313889+00:00,58.0206364525689,67.84,worsening,2023,2025,2021,2025,31.2,47.0
Garhchiroli,Maharashtra,41.68430934118683,63.98617935180664,60.07428372701009,119.7080307006836,0.292127764225006,0.3185674684743086,9.975034070014951,3.069819209973017,202.94266666666667,316.15,2025,cams_gap_fill,March,2021,38.176724200805104,co,Satisfactory,Moderate,Good,Good,,,Poor,9,Low,0.05,0.04,0.0,12.65,0.43,,,,,,20.53,Low,2026-07-08T10:43:19.313889+00:00,43.159757455190025,4.0,stable,2023,2025,2021,2025,22.9,25.3
Garhwa,Jharkhand,59.96290514674344,130.11053466796875,94.74812304178872,183.67323303222656,0.6721294179558754,0.5039036927123864,16.714004898071288,2.817477814356486,265.97366666666665,413.51,2025,cams_gap_fill,January,2024,45.766046571700905,co,Satisfactory,Poor,Good,Good,,,Poor,1,Low,0.02,0.03,0.0,1.42,0.2,20.85,14.0,13.6,25.75,62.7,23.56,Low,2026-07-08T10:43:19.313889+00:00,68.91122796800401,48.76,worsening,2023,2025,2021,2025,55.8,49.9
Garhwal,Uttarakhand,51.754069674035314,100.49327850341795,89.6625239054362,145.06484985351562,0.7554650247097016,0.6927039315303166,17.578576795260112,2.966461489597956,281.5443333333333,403.16,2025,cams_gap_fill,January,2024,38.19708350880278,co,Satisfactory,Moderate,Good,Good,,,Poor,0,Low,0.12,0.0,0.0,4.38,0.75,,,,,,23.89,Low,2026-07-08T10:43:19.313889+00:00,62.364785724216034,59.42,worsening,2023,2025,2021,2025,43.0,51.9
Gariaband,Chhattisgarh,49.32305408032492,88.79800415039062,69.40703913370768,125.0656967163086,0.4596650702257951,0.3832282116015752,11.752250250180564,3.027953956524532,223.2995,344.66,2025,cams_gap_fill,December,2025,46.58629652256095,co,Satisfactory,Moderate,Good,Good,,,Poor,0,Low,0.05,0.01,0.0,16.12,0.2,,,,,,20.42,Low,2026-07-08T10:43:19.313889+00:00,50.83382908503214,3.1,stable,2023,2025,2021,2025,36.7,23.9
GautamBuddhaNagar,UttarPradesh,196.6093716933325,502.1814880371094,381.0300097147624,708.5647583007812,2.077262218793233,4.532063949108124,54.85331711769104,2.476600541671117,415.7071666666667,500.0,2025,cams_gap_fill,February,2021,115.59672906325804,co,Very Poor,Severe,Good,Good,,,Severe,3,Low,,,,,,18.65,16.0,34.7,16.35,59.4,46.02,Medium,2026-07-08T10:43:19.313889+00:00,267.9651650322808,182.77,worsening,2023,2025,2021,2025,99.9,99.4
Gaya,Bihar,96.98938349629104,254.2639312744141,173.120746866862,359.18719482421875,0.9770951916774114,1.084533511598905,27.545147649447124,2.9491978089014688,322.7675,455.11,2025,cams_gap_fill,January,2024,64.75014673977276,co,Poor,Very Poor,Good,Good,,,Very Poor,1,Low,0.08,0.1,0.02,7.9,1.05,17.7,9.8,10.8,27.8,64.3,30.46,Medium,2026-07-08T10:43:19.313889+00:00,123.1560714509752,105.29,worsening,2023,2025,2021,2025,77.8,76.9
Ghaziabad,UttarPradesh,196.11748047951792,502.1814880371094,381.0300097147624,708.5647583007812,2.077262218793233,4.532063949108124,54.85331711769104,2.476600541671117,415.7071666666667,500.0,2025,cams_gap_fill,February,2021,115.40673500529344,co,Very Poor,Severe,Good,Good,,,Severe,1,Low,0.0,0.14,0.0,0.0,0.46,21.9,19.05,43.7,12.0,55.2,47.27,Medium,2026-07-08T10:43:19.313889+00:00,267.9651650322808,189.05,worsening,2023,2025,2021,2025,99.7,99.9
Ghazipur,UttarPradesh,136.25013909097586,322.8715515136719,242.92733319600424,473.6012573242188,1.4119250863790511,2.114645553628604,38.54113030433655,2.851305921872457,364.3083333333333,480.95,2025,cams_gap_fill,January,2024,91.61758693821804,co,Very Poor,Very Poor,Good,Good,,,Very Poor,1,Low,0.01,0.0,0.0,0.0,0.03,17.25,11.0,14.3,21.05,45.7,35.44,Medium,2026-07-08T10:43:19.313889+00:00,171.66266939375134,91.87,worsening,2023,2025,2021,2025,93.5,90.4
GirSomnath,Gujarat,39.01364416053704,99.52547454833984,61.54342193603516,137.5157012939453,0.2745824591567119,0.3757487077265978,7.686582811673483,2.959407083193461,174.16466666666665,304.59,2025,cams_gap_fill,December,2025,32.814544182593245,co,Satisfactory,Moderate,Good,Good,,,Moderate,0,Low,,,,,,13.15,13.7,17.3,39.8,49.9,15.69,Low,2026-07-08T10:43:19.313889+00:00,42.34634404712253,25.57,worsening,2023,2025,2021,2025,17.3,5.3
Giridih,Jharkhand,87.27303356554525,221.22769165039065,156.66794783274332,312.4676818847656,1.0714975714683532,1.394464139143626,24.99528843561808,2.820638006925583,315.613,436.39,2025,cams_gap_fill,January,2024,58.09355369393372,co,Moderate,Very Poor,Good,Good,,,Very Poor,0,Low,0.02,0.03,0.0,1.42,0.2,20.65,13.1,7.8,24.6,64.7,28.51,Medium,2026-07-08T10:43:19.313889+00:00,111.86027410295274,104.9,worsening,2023,2025,2021,2025,73.7,71.4
Goalpara,Assam,66.7346841919088,155.64523315429688,120.85604248046874,218.81460571289065,0.5708918705582618,0.5689476703604063,21.702214161554974,2.492003663380941,299.3065,418.39,2025,cams_gap_fill,January,2021,42.88143481185213,co,Moderate,Very Poor,Good,Good,,,Poor,0,Low,0.45,0.07,0.0,5.05,1.51,17.35,11.7,15.3,33.8,64.9,26.63,Medium,2026-07-08T10:43:19.313889+00:00,87.36929543813069,103.24,worsening,2023,2025,2021,2025,62.7,64.1
Godda,Jharkhand,95.27723108978272,252.0668487548828,172.86488151550293,356.0550842285156,0.9648656229178112,1.221617233256499,27.763752746582032,3.195567198594411,321.3496666666667,453.57,2025,cams_gap_fill,January,2024,61.74736086870276,co,Poor,Very Poor,Good,Good,,,Very Poor,0,Low,0.02,0.03,0.0,1.42,0.2,19.4,14.65,10.7,23.9,66.3,29.74,Medium,2026-07-08T10:43:19.313889+00:00,122.5993356704712,115.87,worsening,2023,2025,2021,2025,76.9,75.4
Golaghat,Assam,48.02798191307354,182.4475860595703,87.83006238937378,352.7878723144531,0.4500658760468165,0.3441650668780009,18.640282487869264,2.2103235801060994,272.59583333333336,449.67,2025,cams_gap_fill,March,2021,32.897751559969535,co,Satisfactory,Moderate,Good,Good,,,Poor,0,Low,0.55,0.07,0.0,5.05,1.73,21.25,13.0,16.0,36.8,77.2,24.42,Low,2026-07-08T10:43:19.313889+00:00,61.89423598183526,95.39,worsening,2023,2025,2021,2025,33.0,54.9
Gomati,Tripura,67.46166041286172,164.66036987304688,101.82862126032512,247.2873992919922,0.4645134051640828,0.4345842018723488,16.41347195704778,2.5975287437438963,256.0061666666667,407.27,2025,cams_gap_fill,April,2023,59.51017401125399,co,Moderate,Poor,Good,Good,,,Poor,0,Low,0.15,0.16,0.0,0.0,0.95,20.6,17.1,19.6,52.7,62.3,25.44,Medium,2026-07-08T10:43:19.313889+00:00,74.05735550986395,10.33,worsening,2023,2025,2021,2025,63.2,58.2
Gonda,UttarPradesh,114.36987564714848,245.2063903808593,191.8086327870687,359.3861083984375,0.98073375026385,1.1809366683165232,30.54180479844411,3.159398599465688,339.82633333333337,453.36,2025,cams_gap_fill,January,2024,85.1901922218558,co,Poor,Very Poor,Good,Good,,,Very Poor,1,Low,0.07,0.1,0.0,0.0,0.55,25.75,10.55,17.5,34.8,49.3,33.8,Medium,2026-07-08T10:43:19.313889+00:00,137.2308455573188,63.75,worsening,2023,2025,2021,2025,84.5,85.1
Gondiya,Maharashtra,54.37576582053304,95.6892318725586,77.09392827351888,134.3911590576172,0.4920242108404636,0.5316393574078878,11.99100352525711,3.214463627338409,225.96666666666667,339.84,2025,cams_gap_fill,December,2025,48.38432559845395,co,Satisfactory,Moderate,Good,Good,,,Poor,16,Moderate,0.07,0.04,0.0,12.65,0.49,20.35,9.05,9.4,36.15,60.4,23.4,Low,2026-07-08T10:43:19.313889+00:00,55.6806640095181,0.51,stable,2023,2025,2021,2025,48.7,47.9
Gopalganj,Bihar,141.5066752363039,355.5644836425781,254.088511912028,499.41302490234375,1.0953071852525076,1.612242473165194,39.78671803474426,3.2135023633639017,368.935,476.08,2025,cams_gap_fill,November,2021,99.33975164325854,co,Very Poor,Severe,Good,Good,,,Very Poor,1,Low,0.37,0.06,0.02,7.9,1.51,21.55,10.3,17.9,26.5,53.8,39.0,Medium,2026-07-08T10:43:19.313889+00:00,178.22897020975748,95.02,worsening,2023,2025,2021,2025,96.2,97.2
Gorakhpur,UttarPradesh,133.3493830085972,311.4494323730469,234.53777580261232,436.9205322265625,1.045352104306221,1.3777211179335913,39.13628555933634,3.090017056465149,364.1945,473.52,2025,cams_gap_fill,January,2024,93.49080187696664,co,Very Poor,Very Poor,Good,Good,,,Very Poor,0,Low,0.01,0.0,0.0,0.0,0.03,18.75,12.75,21.1,25.0,52.9,35.39,Medium,2026-07-08T10:43:19.313889+00:00,164.64652739630804,79.37,worsening,2023,2025,2021,2025,91.9,89.9
Gulbarga,Karnataka,44.78825310300373,91.1929168701172,76.09998175303141,126.6158447265625,0.4383633020023504,0.4849819901088874,10.156437981128692,2.8871945559978487,205.80566666666667,317.67,2025,cams_gap_fill,December,2025,32.92156100945921,co,Satisfactory,Moderate,Good,Good,,,Poor,1,Low,0.08,0.02,0.0,14.02,0.4,20.9,13.25,21.8,22.25,56.0,19.52,Low,2026-07-08T10:43:19.313889+00:00,53.69538365470039,58.78,worsening,2023,2025,2021,2025,27.2,17.3
Gumla,Jharkhand,56.21701400088215,118.52857208251952,87.5011038462321,167.306884765625,0.7200531601905823,0.6040714994072914,15.54059954484304,2.7495225707689923,257.19466666666665,401.51,2025,cams_gap_fill,January,2024,45.33741033944001,co,Satisfactory,Moderate,Good,Good,,,Poor,0,Low,0.02,0.03,0.0,1.42,0.2,17.5,10.3,5.6,35.15,59.5,21.54,Low,2026-07-08T10:43:19.313889+00:00,63.74448045094808,34.39,worsening,2023,2025,2021,2025,51.8,35.7
Guna,MadhyaPradesh,48.71529971947334,91.8237533569336,71.46638590494791,129.62278747558594,0.3842174624403318,0.3693193502724171,10.80193216005961,2.991359337170919,210.892,360.13,2025,cams_gap_fill,January,2024,44.45151616593143,co,Satisfactory,Moderate,Good,Good,,,Poor,5,Low,0.0,0.0,0.0,0.0,0.0,17.6,9.0,12.0,24.05,49.8,19.12,Low,2026-07-08T10:43:19.313889+00:00,51.72196547190348,12.31,worsening,2023,2025,2021,2025,34.8,14.8
Guntur,AndhraPradesh,49.94292301342704,151.95211791992188,89.61851863861084,214.76608276367188,0.5746849541862805,0.5915240918596586,12.820602409044902,2.665704047679901,230.127,404.94,2025,cams_gap_fill,December,2025,33.87860229489988,co,Satisfactory,Moderate,Good,Good,,,Poor,0,Low,0.12,0.28,0.01,0.88,1.49,28.55,24.3,46.4,13.5,59.5,25.39,Medium,2026-07-08T10:43:19.313889+00:00,63.600830766889786,115.75,worsening,2023,2025,2021,2025,38.0,57.8
Gurdaspur,Punjab,108.41603054797588,243.4578857421875,194.9153149922689,344.2103271484375,1.0511509418487548,0.9677571748693784,35.74473497072856,2.742837502559026,365.8666666666667,471.47,2025,cams_gap_fill,January,2024,66.46620617266066,co,Poor,Very Poor,Good,Good,,,Very Poor,0,Low,0.05,0.01,0.01,1.17,0.33,,,,,,33.44,Medium,2026-07-08T10:43:19.313889+00:00,139.42283015780978,118.99,worsening,2023,2025,2021,2025,83.7,83.2
Gurgaon,Haryana,195.65487432579283,502.1814880371094,381.0300097147624,708.5647583007812,2.077262218793233,4.532063949108124,54.85331711769104,2.476600541671117,415.7071666666667,500.0,2025,cams_gap_fill,February,2021,109.6715360294228,co,Very Poor,Severe,Good,Good,,,Severe,7,Low,0.03,0.01,0.0,0.41,0.27,19.45,14.45,24.3,17.75,67.5,46.87,Medium,2026-07-08T10:43:19.313889+00:00,267.9651650322808,188.88,worsening,2023,2025,2021,2025,99.6,99.6
Gwalior,MadhyaPradesh,80.56573190885506,172.11679077148438,129.54347807566324,243.3144989013672,0.7856343974669774,0.7933627553284168,21.210501352945965,2.771741076310476,292.17266666666666,431.29,2025,cams_gap_fill,January,2024,65.92743244844897,co,Moderate,Very Poor,Good,Good,,,Poor,12,Moderate,0.0,0.0,0.0,0.0,0.0,22.5,12.05,26.1,17.4,62.5,28.58,Medium,2026-07-08T10:43:19.313889+00:00,93.1180591583252,42.39,worsening,2023,2025,2021,2025,70.4,71.8
Hailakandi,Assam,61.39528271529051,140.1276397705078,111.81967283884684,291.7421264648437,0.5848233625292778,0.5475769656399886,21.544490639368693,2.2537811080614727,295.5855,432.01,2025,cams_gap_fill,March,2021,41.26448919536831,co,Moderate,Poor,Good,Good,,,Poor,0,Low,0.35,0.07,0.0,5.05,1.51,23.1,16.55,10.9,51.7,61.4,27.43,Medium,2026-07-08T10:43:19.313889+00:00,79.37958023283217,90.43,worsening,2023,2025,2021,2025,58.0,67.5
Hamirpur,HimachalPradesh,68.50818921423843,164.4072265625,130.8191129684448,232.3511199951172,1.078341586391131,1.2401183674732843,24.74625010490417,2.714769093195597,325.5673333333333,436.59,2025,cams_gap_fill,January,2024,37.80041173985924,co,Moderate,Very Poor,Good,Good,,,Very Poor,0,Low,0.0,0.0,0.0,0.0,0.0,31.65,20.2,37.1,16.85,49.5,29.08,Medium,2026-07-08T10:43:19.313889+00:00,93.45728725857204,176.68,worsening,2023,2025,2021,2025,64.2,73.4
Hamirpur,UttarPradesh,74.65277409407672,155.72291564941406,110.96687679290773,219.94357299804688,0.7685608377059301,0.6085144045452276,18.56525835196177,2.839232949415843,276.30316666666664,422.87,2025,cams_gap_fill,January,2024,65.70270451320509,co,Moderate,Poor,Good,Good,,,Poor,16,Moderate,0.0,0.0,0.0,0.0,0.0,17.75,6.0,9.3,40.75,46.1,26.28,Medium,2026-07-08T10:43:19.313889+00:00,80.24818558163113,16.82,worsening,2023,2025,2021,2025,67.8,62.4
Hanumangarh,Rajasthan,84.76591759610866,180.9049224853516,155.88377571105957,306.8681030273437,0.6207952027519544,0.5223333405951659,15.43833895524343,3.136127003033956,276.0346666666667,409.26,2025,cams_gap_fill,January,2024,62.12840618354024,co,Moderate,Very Poor,Good,Good,,,Poor,20,Moderate,0.07,0.03,0.0,4.32,0.52,21.3,7.95,17.6,18.8,60.3,29.75,Medium,2026-07-08T10:43:19.313889+00:00,102.03401650322807,73.1,worsening,2023,2025,2021,2025,72.6,75.6
Haora,WestBengal,146.87192370910404,458.6906127929688,293.8654556274414,649.6471557617188,1.475339311361313,3.027982414762179,45.13848023414612,2.505089481671652,364.0705,500.0,2025,cams_gap_fill,February,2021,70.81420305579465,co,Very Poor,Severe,Good,Good,,,Very Poor,0,Low,0.0,0.17,0.0,0.0,0.55,25.4,18.6,22.8,25.35,65.3,39.69,Medium,2026-07-08T10:43:19.313889+00:00,211.4499129189385,256.35,worsening,2023,2025,2021,2025,97.6,97.8
Hapur,UttarPradesh,141.88515187200284,336.4511108398437,263.2174438476562,474.1793212890625,1.4781451453765233,2.060667159159978,40.81619121233622,2.9172548989454907,377.34816666666666,480.82,2025,cams_gap_fill,January,2024,93.9420593618394,co,Very Poor,Severe,Good,Good,,,Very Poor,2,Low,0.0,0.14,0.0,0.0,0.46,24.3,8.65,32.4,16.6,50.6,38.16,Medium,2026-07-08T10:43:19.313889+00:00,185.2204375796848,125.19,worsening,2023,2025,2021,2025,96.3,95.9
Harda,MadhyaPradesh,50.35829031281169,90.97215270996094,76.15350424448648,126.7910385131836,0.4398407893876234,0.4653226560602585,11.648865938186646,2.893055140972137,223.4015,340.75,2025,cams_gap_fill,January,2024,41.86173640825707,co,Satisfactory,Moderate,Good,Good,,,Poor,10,Low,0.02,0.0,0.0,0.0,0.07,21.3,9.25,16.8,28.8,62.6,21.36,Low,2026-07-08T10:43:19.313889+00:00,54.58608123991225,22.78,worsening,2023,2025,2021,2025,39.6,33.6
Hardoi,UttarPradesh,115.4291433385102,254.53317260742188,194.0781686147054,359.1444091796875,1.068714744846026,1.3376470784346262,30.007572666803995,3.0578832626342773,338.7215,454.88,2025,cams_gap_fill,January,2024,88.49008489427206,co,Poor,Very Poor,Good,Good,,,Very Poor,1,Low,0.0,0.0,0.0,0.0,0.0,19.0,8.9,13.6,29.3,59.7,31.81,Medium,2026-07-08T10:43:19.313889+00:00,137.9312399758233,64.15,worsening,2023,2025,2021,2025,85.7,79.6
Hardwar,Uttarakhand,105.049733401008,243.44140625,190.87394332885745,344.2086181640625,1.1546482970317204,1.4313587427139285,34.33655885060628,2.704350781440735,368.6785,464.67,2025,cams_gap_fill,January,2024,68.17060631725543,co,Poor,Very Poor,Good,Good,,,Very Poor,0,Low,0.13,0.0,0.0,4.38,0.78,,,,,,33.83,Medium,2026-07-08T10:43:19.313889+00:00,135.02588240305582,120.16,worsening,2023,2025,2021,2025,82.0,85.4
Hassan,Karnataka,34.1077704971829,66.65970611572266,60.00226910909017,93.9601821899414,0.4154829606413841,0.3489539445688327,10.256974077224733,2.31645449201266,207.4488333333333,313.33,2025,cams_gap_fill,December,2025,22.8003099540126,co,Satisfactory,Moderate,Good,Good,,,Poor,0,Low,0.09,0.02,0.0,13.31,0.43,28.8,17.5,36.1,19.95,42.2,20.0,Low,2026-07-08T10:43:19.313889+00:00,42.7472357749939,95.63,worsening,2023,2025,2021,2025,10.5,20.4
Hathras,UttarPradesh,138.2138281659382,311.2406005859375,238.0917744954427,437.8970947265625,1.4957041571537653,2.2101246962944665,36.3279178460439,2.6810411969820658,362.9096666666667,465.28,2025,cams_gap_fill,January,2024,102.72678679494004,co,Very Poor,Very Poor,Good,Good,,,Very Poor,5,Low,0.0,0.0,0.0,0.0,0.0,,,,,,37.26,Medium,2026-07-08T10:43:19.313889+00:00,167.36877653333875,68.8,worsening,2023,2025,2021,2025,94.5,94.2
Haveri,Karnataka,33.21302750979007,64.8909683227539,54.08580818176269,91.69087982177734,0.3753854303310315,0.3081132717430591,8.747634915510814,2.780762191613515,187.5078333333333,288.35,2025,cams_gap_fill,December,2025,25.39504618952132,co,Satisfactory,Satisfactory,Good,Good,,,Moderate,0,Low,0.08,0.02,0.0,14.02,0.4,22.9,13.95,29.1,21.15,50.8,17.63,Low,2026-07-08T10:43:19.313889+00:00,37.847904178831314,43.06,worsening,2023,2025,2021,2025,9.9,8.9
Hazaribagh,Jharkhand,75.58055447909432,183.59939575195312,129.004474512736,259.3928527832031,0.9772585382064184,1.2023916199803353,21.36955775419871,2.801415212949117,296.6513333333333,424.78,2025,cams_gap_fill,January,2024,55.33447026235557,co,Moderate,Very Poor,Good,Good,,,Poor,0,Low,0.02,0.03,0.0,1.42,0.2,24.8,11.15,15.0,23.65,56.1,26.68,Medium,2026-07-08T10:43:19.313889+00:00,92.18236743079292,71.42,worsening,2023,2025,2021,2025,68.2,64.3
Hingoli,Maharashtra,51.75010510211079,99.02753448486328,82.5214703241984,139.29867553710938,0.4416859482725461,0.4678925022482872,11.717421440283458,2.7615363160769144,223.2128333333333,349.08,2025,cams_gap_fill,December,2025,40.07808921108437,co,Satisfactory,Moderate,Good,Good,,,Poor,4,Low,0.05,0.06,0.0,12.65,0.49,17.4,10.6,16.6,20.25,51.3,20.76,Low,2026-07-08T10:43:19.313889+00:00,59.14883518218994,39.74,worsening,2023,2025,2021,2025,42.9,26.8
Hisar,Haryana,97.20180913413846,196.8775634765625,162.96052729288738,282.56988525390625,1.0904190679391226,1.078326900800069,23.58932485580444,2.8174492180347444,316.71233333333333,425.02,2025,cams_gap_fill,November,2021,75.05207755195791,co,Poor,Very Poor,Good,Good,,,Very Poor,11,Moderate,0.03,0.01,0.0,0.41,0.27,24.0,14.65,30.2,18.15,63.8,32.42,Medium,2026-07-08T10:43:19.313889+00:00,114.02021270328098,53.44,worsening,2023,2025,2021,2025,78.0,81.4
Hoshangabad,MadhyaPradesh,51.48244893040245,95.86919403076172,79.37822284698487,133.69137573242188,0.5173927592734496,0.5700363705555598,12.862202886740366,2.7007583558559416,235.7758333333333,348.71,2025,cams_gap_fill,January,2024,41.79019899899244,co,Satisfactory,Moderate,Good,Good,,,Poor,1,Low,0.03,0.0,0.0,0.0,0.1,26.95,9.75,20.6,35.9,51.9,21.46,Low,2026-07-08T10:43:19.313889+00:00,56.7721086608039,30.76,worsening,2023,2025,2021,2025,42.0,34.8
Hoshiarpur,Punjab,107.36415724667852,237.5686950683593,204.32125358581544,333.6933898925781,1.223552061120669,1.251369924346606,36.9165423711141,2.780520073572794,369.4791666666667,479.46,2025,cams_gap_fill,January,2024,60.50433460449995,co,Poor,Very Poor,Good,Good,,,Very Poor,0,Low,0.05,0.01,0.01,1.17,0.33,39.45,13.35,40.7,5.15,54.1,36.14,Medium,2026-07-08T10:43:19.313889+00:00,144.6738781399197,166.77,worsening,2023,2025,2021,2025,83.1,91.4
Hugli,WestBengal,135.52265002362734,367.5491333007813,254.77997512817385,519.4623413085938,1.4804816295703251,2.839100182056427,38.28701322873433,2.529840771357218,355.136,480.97,2025,cams_gap_fill,January,2024,76.11713702812668,co,Very Poor,Severe,Good,Good,,,Very Poor,0,Low,0.02,0.22,0.0,0.0,0.75,25.4,21.0,34.6,30.8,75.1,38.63,Medium,2026-07-08T10:43:19.313889+00:00,183.631670527988,155.1,worsening,2023,2025,2021,2025,93.2,96.4
Hyderabad,Telangana,63.94694516483323,147.32386779785156,112.27763500213624,208.5936889648437,0.8165255347887675,0.9132069533069928,16.634300311406452,2.73851508696874,269.00516666666664,401.67,2025,cams_gap_fill,December,2025,43.58171868481341,co,Moderate,Poor,Good,Good,,,Poor,0,Low,0.22,0.6,0.0,22.11,2.15,35.95,24.0,51.0,7.05,52.7,30.69,Medium,2026-07-08T10:43:19.313889+00:00,78.82997523413763,96.39,worsening,2023,2025,2021,2025,59.6,77.6
Idukki,Kerala,37.057160878854695,81.59542846679688,71.44284152984619,115.38298797607422,0.5259229357043902,0.4610637709498405,11.878174869219462,2.0521906475226084,225.953,338.93,2025,cams_gap_fill,December,2025,20.582225504931262,co,Satisfactory,Moderate,Good,Good,,,Poor,0,Low,0.24,0.0,0.0,6.83,1.53,33.3,23.35,36.3,14.25,32.0,24.3,Low,2026-07-08T10:43:19.313889+00:00,51.15159718195597,232.49,worsening,2023,2025,2021,2025,14.1,54.4
ImphalEast,Manipur,45.79045783637329,236.0485076904297,84.02264493306478,576.8284912109375,0.3979913368821144,0.2892665276924768,18.162565151850384,1.994567000865936,256.3205,500.0,2025,cams_gap_fill,March,2021,33.59672921310563,co,Satisfactory,Moderate,Good,Good,,,Poor,0,Low,,,,,,28.95,17.2,40.1,46.55,35.9,22.69,Low,2026-07-08T10:43:19.313889+00:00,56.62238587273492,65.38,worsening,2023,2025,2021,2025,28.8,43.9
ImphalWest,Manipur,46.6488860690955,236.0485076904297,84.02264493306478,576.8284912109375,0.3979913368821144,0.2892665276924768,18.162565151850384,1.994567000865936,256.3205,500.0,2025,cams_gap_fill,March,2021,36.16168454488119,co,Satisfactory,Moderate,Good,Good,,,Poor,0,Low,,,,,,32.95,19.2,36.9,45.15,26.8,23.69,Low,2026-07-08T10:43:19.313889+00:00,56.62238587273492,54.1,worsening,2023,2025,2021,2025,30.3,51.1
Indore,MadhyaPradesh,57.0023064076014,109.70465850830078,92.2082581837972,154.49815368652344,0.4518991182247797,0.5450698812802632,13.33395519653956,2.6647184411684672,238.03216666666668,360.05,2025,cams_gap_fill,January,2024,43.25770656115138,co,Satisfactory,Poor,Good,Good,,,Poor,0,Low,0.0,0.0,0.0,0.0,0.0,21.0,10.2,19.0,20.45,48.1,21.06,Low,2026-07-08T10:43:19.313889+00:00,65.79176961051093,45.21,worsening,2023,2025,2021,2025,52.8,30.0
Jabalpur,MadhyaPradesh,53.27899227329647,111.50682067871094,83.19601389567057,154.5641632080078,0.538850209613641,0.559534698476394,14.098639003435771,2.837539001305898,245.736,364.4,2025,cams_gap_fill,January,2024,43.72878542460504,co,Satisfactory,Moderate,Good,Good,,,Poor,7,Low,0.07,0.0,0.0,0.0,0.24,21.4,15.2,14.6,37.4,48.9,23.27,Low,2026-07-08T10:43:19.313889+00:00,59.424409336513946,35.14,worsening,2023,2025,2021,2025,46.6,47.2
Jagatsinghapur,Odisha,56.76225526740959,167.64784240722656,96.96761207580566,237.0907745361328,0.5133817066748937,0.9225423529744148,15.46831111907959,3.644218389193217,245.18066666666667,416.5,2025,cams_gap_fill,December,2025,42.081240086266845,co,Satisfactory,Poor,Good,Good,,,Poor,0,Low,0.21,0.18,0.0,11.52,1.25,28.2,19.15,35.5,38.4,59.8,25.62,Medium,2026-07-08T10:43:19.313889+00:00,70.39807653427124,69.21,worsening,2023,2025,2021,2025,52.4,59.2
JaintiaHills,Meghalaya,41.49330856905672,143.90501403808594,72.49685020446778,215.70315551757807,0.4047479704022407,0.3128138355910777,14.83032098611196,2.322773436705272,249.3915,407.82,2025,cams_gap_fill,March,2021,30.06068666444985,co,Satisfactory,Moderate,Good,Good,,,Poor,0,Low,,,,,,,,,,,20.23,Low,2026-07-08T10:43:19.313889+00:00,52.00795242521498,61.94,worsening,2023,2025,2021,2025,22.6,22.9
Jaipur,Rajasthan,84.35529285944462,174.03355407714844,144.48697681427,244.4475555419922,0.8614665801326434,0.9475963577628136,21.55872224966685,2.6539123793443045,294.97666666666663,422.5,2025,cams_gap_fill,December,2025,64.33767139300552,co,Moderate,Very Poor,Good,Good,,,Poor,1,Low,0.07,0.03,0.0,4.32,0.52,15.6,8.2,18.1,19.7,54.1,26.48,Medium,2026-07-08T10:43:19.313889+00:00,101.35750102996826,60.7,worsening,2023,2025,2021,2025,72.3,63.2
Jaisalmer,Rajasthan,83.86036804431362,191.0082092285156,177.34046427408853,426.8765869140625,0.1587796893591681,0.159044430591166,7.167531263828278,3.0139690240224204,229.76766666666663,396.13,2025,cams_gap_fill,June,2021,66.23766849580582,co,Moderate,Very Poor,Good,Good,,,Poor,24,High,0.12,0.03,0.0,4.32,0.67,12.75,6.85,11.2,24.95,44.4,27.21,Medium,2026-07-08T10:43:19.313889+00:00,98.93355962965224,71.68,worsening,2023,2025,2021,2025,72.2,66.4
Jajapur,Odisha,69.7422088562448,192.808837890625,124.4188923517863,272.5692443847656,0.8421145488818487,1.2186405455072722,20.1408875544866,3.0324317355950674,278.46650000000005,428.42,2025,cams_gap_fill,December,2025,46.26035498433232,co,Moderate,Very Poor,Good,Good,,,Poor,0,Low,0.23,0.11,0.0,11.52,1.13,25.9,16.35,21.3,46.6,63.4,27.58,Medium,2026-07-08T10:43:19.313889+00:00,90.35888417561848,102.46,worsening,2023,2025,2021,2025,65.5,68.0
Jalandhar,Punjab,114.40513945989348,237.5686950683593,204.32125358581544,333.6933898925781,1.223552061120669,1.251369924346606,36.9165423711141,2.780520073572794,369.4791666666667,479.46,2025,cams_gap_fill,January,2024,76.4336802394454,co,Poor,Very Poor,Good,Good,,,Very Poor,0,Low,0.05,0.01,0.01,1.17,0.33,35.0,16.3,48.3,6.0,57.0,36.76,Medium,2026-07-08T10:43:19.313889+00:00,144.6738781399197,97.68,worsening,2023,2025,2021,2025,84.6,93.0
Jalaun,UttarPradesh,94.83854001631498,207.18052673339844,154.95140024820964,299.13885498046875,1.0031103601058324,1.0751796027024587,25.73352293173472,2.8092429995536805,315.36350000000004,447.12,2025,cams_gap_fill,January,2024,74.37769214618538,co,Poor,Very Poor,Good,Good,,,Very Poor,13,Moderate,0.0,0.0,0.0,0.0,0.0,18.4,5.6,14.6,31.65,44.2,29.81,Medium,2026-07-08T10:43:19.313889+00:00,110.34062629275851,47.58,worsening,2023,2025,2021,2025,76.8,75.7
Jalgaon,Maharashtra,56.16860344444191,106.45343017578124,87.07321071624756,150.30538940429688,0.5458100420733293,0.7059724522133668,12.870205362637838,2.578070300817489,231.67783333333333,356.19,2025,cams_gap_fill,January,2024,44.81675776113909,co,Satisfactory,Moderate,Good,Good,,,Poor,2,Low,0.12,0.04,0.0,12.65,0.64,22.55,14.0,26.2,25.15,65.2,22.81,Low,2026-07-08T10:43:19.313889+00:00,61.83555852042304,22.37,worsening,2023,2025,2021,2025,51.6,44.7
Jalna,Maharashtra,51.24124028963745,98.76195526123048,79.50286502838135,139.37612915039062,0.4256090785066286,0.4554059192538261,11.510166744391125,2.6906834304332734,219.5405,334.14,2025,cams_gap_fill,January,2025,40.68233450093256,co,Satisfactory,Moderate,Good,Good,,,Poor,1,Low,0.05,0.06,0.0,12.65,0.49,23.3,12.0,20.6,19.75,58.2,21.15,Low,2026-07-08T10:43:19.313889+00:00,56.69655169381036,26.21,worsening,2023,2025,2021,2025,41.3,31.1
Jalor,Rajasthan,62.92756052908636,109.86997985839844,99.45394115447998,202.0360717773437,0.4190614009896914,0.3322237136463324,9.9066455801328,2.268335151672363,209.20966666666664,329.16,2025,cams_gap_fill,January,2024,58.82605740301968,co,Moderate,Poor,Good,Good,,,Poor,0,Low,0.05,0.08,0.0,4.32,0.61,10.95,9.95,4.3,25.35,59.9,19.99,Low,2026-07-08T10:43:19.313889+00:00,67.75468095143636,26.53,worsening,2023,2025,2021,2025,58.9,20.2
Jalpaiguri,WestBengal,67.54840141086119,133.05929565429688,104.294509379069,187.3170928955078,0.6517461468776067,0.5252368301153183,24.477502489089964,2.5429396947224934,317.1356666666667,428.65,2025,cams_gap_fill,January,2023,58.51822974103778,co,Moderate,Poor,Good,Good,,,Very Poor,0,Low,0.0,0.06,0.0,0.0,0.2,22.45,15.5,16.7,36.6,71.4,26.82,Medium,2026-07-08T10:43:19.313889+00:00,75.31266408496433,24.09,worsening,2023,2025,2021,2025,63.5,64.8
Jammu,JammuandKashmir,57.269661597787454,118.59302520751952,98.8738659540812,167.2724609375,0.6567643076181412,0.4812759851415952,19.5540668964386,2.498807615041733,297.1838333333333,407.97,2025,cams_gap_fill,January,2024,39.84078516543231,co,Satisfactory,Poor,Good,Good,,,Poor,0,Low,0.08,0.02,0.0,12.17,0.49,21.55,9.25,38.3,13.25,66.6,24.15,Low,2026-07-08T10:43:19.313889+00:00,71.15538427564833,83.49,worsening,2023,2025,2021,2025,53.3,53.0
Jamnagar,Gujarat,45.11836727514248,119.01461029052734,65.48019876480103,163.37899780273438,0.2772148504853248,0.3248428973058859,7.499129569530487,2.649109125137329,171.53033333333332,302.66,2025,cams_gap_fill,January,2024,42.02029433301004,co,Satisfactory,Moderate,Good,Good,,,Moderate,0,Low,0.16,0.09,0.01,27.94,0.86,16.55,15.4,29.5,29.85,50.2,18.37,Low,2026-07-08T10:43:19.313889+00:00,45.86716741985745,6.25,stable,2023,2025,2021,2025,28.0,11.2
Jamtara,Jharkhand,90.22887433139196,228.980224609375,160.37011585235595,323.2234802246094,1.0028491338094077,1.2710509856541952,24.971998858451844,2.965294245878856,312.077,438.56,2025,cams_gap_fill,January,2024,62.12064744572895,co,Poor,Very Poor,Good,Good,,,Very Poor,0,Low,0.02,0.03,0.0,1.42,0.2,19.85,11.7,7.1,31.65,77.7,28.39,Medium,2026-07-08T10:43:19.313889+00:00,114.63663132985432,90.72,worsening,2023,2025,2021,2025,75.0,71.2
Jamui,Bihar,96.96253617215886,253.2541961669922,176.89149487813313,357.95538330078125,1.149394937356313,1.7079519510269163,28.47947529157003,3.0156490842501325,328.0625,454.37,2025,cams_gap_fill,January,2024,63.34669428763152,co,Poor,Very Poor,Good,Good,,,Very Poor,0,Low,0.08,0.12,0.02,7.9,0.95,13.7,13.1,12.7,28.2,75.2,30.26,Medium,2026-07-08T10:43:19.313889+00:00,125.2369048860338,124.6,worsening,2023,2025,2021,2025,77.7,76.8
Janjgir-Champa,Chhattisgarh,75.57443156809731,166.10829162597656,112.9770123799642,233.622299194336,1.10566949347655,2.07331075767676,18.41957767804464,2.5220397293567656,277.4576666666666,416.76,2025,cams_gap_fill,December,2025,61.66447636879794,co,Moderate,Poor,Good,Good,,,Poor,11,Moderate,,,,,,24.95,10.1,12.8,27.6,66.3,27.31,Medium,2026-07-08T10:43:19.313889+00:00,81.78013038635254,17.33,worsening,2023,2025,2021,2025,68.0,67.1
Jashpur,Chhattisgarh,49.11700940599483,90.66551208496094,75.44029382069905,128.05516052246094,0.7417702903350194,0.6982118087510268,13.260170833269756,2.7321430444717407,237.4315,359.31,2025,cams_gap_fill,January,2024,39.648997225417446,co,Satisfactory,Moderate,Good,Good,,,Poor,0,Low,0.01,0.01,0.0,16.12,0.07,31.45,9.35,13.4,38.5,61.5,21.65,Low,2026-07-08T10:43:19.313889+00:00,55.35490703582764,35.16,worsening,2023,2025,2021,2025,35.8,37.1
Jaunpur,UttarPradesh,136.7998946981986,326.6922302246094,241.30766003926595,469.9518127441406,1.4939915438493092,2.5841761122147244,38.40862663586935,2.7235357960065207,362.74033333333335,483.11,2025,cams_gap_fill,January,2024,94.76482280143314,co,Very Poor,Very Poor,Good,Good,,,Very Poor,5,Low,0.0,0.0,0.0,0.0,0.03,17.85,8.8,15.7,24.8,34.0,35.88,Medium,2026-07-08T10:43:19.313889+00:00,170.53630288441977,87.37,worsening,2023,2025,2021,2025,93.6,91.1
Jehanabad,Bihar,139.5104628116069,347.3402099609375,265.0851610819499,524.5126953125,1.2227052211761475,1.6763579448064168,42.27854499816895,3.0733891248703005,370.9993333333333,499.61,2025,cams_gap_fill,January,2021,82.94971854858028,co,Very Poor,Severe,Good,Good,,,Very Poor,1,Low,0.1,0.06,0.02,7.9,0.84,12.7,13.95,14.3,27.3,68.1,37.07,Medium,2026-07-08T10:43:19.313889+00:00,185.58481735653348,147.41,worsening,2023,2025,2021,2025,95.1,93.5
Jhabua,MadhyaPradesh,49.90694042791001,88.93656158447266,77.37714500427246,125.49903106689452,0.3898335576057434,0.4456970622142156,10.735862123966218,2.769399913152059,211.59116666666665,337.77,2025,cams_gap_fill,January,2024,40.284044053495606,co,Satisfactory,Moderate,Good,Good,,,Poor,0,Low,0.0,0.0,0.0,0.0,0.0,23.6,10.25,11.6,19.7,58.8,19.55,Low,2026-07-08T10:43:19.313889+00:00,55.59255817201402,31.19,worsening,2023,2025,2021,2025,37.7,17.5
Jhajjar,Haryana,118.55931591669064,241.5853576660156,198.23957227071125,339.25146484375,1.3191847493251163,1.6698054860035578,29.2946084022522,2.6854440609614056,341.398,441.45,2025,cams_gap_fill,January,2024,93.31003892029136,co,Poor,Very Poor,Good,Good,,,Very Poor,7,Low,0.03,0.01,0.0,0.41,0.27,23.9,11.0,43.5,18.35,60.1,34.76,Medium,2026-07-08T10:43:19.313889+00:00,139.33383973439535,54.24,worsening,2023,2025,2021,2025,86.8,88.8
Jhalawar,Rajasthan,51.20077208154486,89.22384643554688,73.55513350168864,125.91853332519533,0.3578548389176527,0.3546827498823404,10.394241170088453,2.8784846007823943,207.0483333333333,344.76,2025,cams_gap_fill,January,2024,47.825416905469496,co,Satisfactory,Moderate,Good,Good,,,Poor,15,Moderate,0.05,0.03,0.0,4.32,0.43,16.15,8.25,8.6,32.6,51.5,21.25,Low,2026-07-08T10:43:19.313889+00:00,53.13868723975288,7.52,stable,2023,2025,2021,2025,41.1,32.2
Jhansi,UttarPradesh,69.54076581640075,145.77735900878906,106.7697806040446,205.9185943603516,0.7290035039186478,0.6772557117044926,17.453474926948548,2.758652448654175,269.9741666666667,417.32,2025,cams_gap_fill,January,2024,60.234657244730414,co,Moderate,Poor,Good,Good,,,Poor,16,Moderate,0.0,0.0,0.0,0.0,0.0,16.5,7.15,12.6,29.8,41.3,25.39,Medium,2026-07-08T10:43:19.313889+00:00,77.2553833855523,28.28,worsening,2023,2025,2021,2025,65.2,57.8
Jharsuguda,Odisha,61.81920389246058,116.67123413085938,91.73468214670817,164.3921356201172,0.8064430306355158,0.8347331807017326,15.716671498616536,2.778610004981359,257.63216666666665,399.81,2025,cams_gap_fill,December,2025,52.11595558621073,co,Moderate,Poor,Good,Good,,,Poor,2,Low,0.1,0.11,0.0,11.52,0.78,22.85,17.8,27.0,33.25,67.8,25.36,Medium,2026-07-08T10:43:19.313889+00:00,67.1116566128201,17.31,worsening,2023,2025,2021,2025,58.1,57.5
Jhunjhunun,Rajasthan,76.33172974697406,157.11488342285156,130.27482668558756,219.2941436767578,0.8482571413119634,0.9673701693614324,18.80951541264852,2.646508874495824,281.062,415.97,2025,cams_gap_fill,January,2024,58.24629314025827,co,Moderate,Very Poor,Good,Good,,,Poor,5,Low,0.07,0.03,0.0,4.32,0.52,,,,,,27.31,Medium,2026-07-08T10:43:19.313889+00:00,91.36945099300809,50.36,worsening,2023,2025,2021,2025,68.5,67.1
Jind,Haryana,115.16050154735892,251.91766357421875,203.97843081156407,352.08856201171875,1.5053673704465231,2.4519135018189746,30.730023209253947,2.7058722635110217,351.3111666666666,443.09,2025,cams_gap_fill,January,2024,83.39004297408064,co,Poor,Very Poor,Good,Good,,,Very Poor,4,Low,0.03,0.01,0.0,0.41,0.27,19.2,13.75,32.3,18.9,59.6,33.96,Medium,2026-07-08T10:43:19.313889+00:00,143.22682592603894,91.43,worsening,2023,2025,2021,2025,85.4,86.5
Jodhpur,Rajasthan,77.99833905991264,182.07452392578125,156.7724392573039,416.4182739257813,0.2657193854451179,0.2295576843122641,8.370110352834066,2.829572673638661,232.7058333333333,383.19,2025,cams_gap_fill,May,2022,65.23349394602175,co,Moderate,Very Poor,Good,Good,,,Poor,3,Low,0.05,0.03,0.0,4.32,0.46,14.8,6.9,13.3,25.25,43.4,23.13,Low,2026-07-08T10:43:19.313889+00:00,90.38248538970949,54.48,worsening,2023,2025,2021,2025,69.2,46.4
Jorhat,Assam,52.67357830048347,120.64247131347656,97.34717553456623,182.79025268554688,0.6511797765890758,0.7920449376106262,19.61242679754893,2.2130383908748628,289.2801666666667,409.76,2025,cams_gap_fill,February,2021,34.47554680242833,co,Satisfactory,Poor,Good,Good,,,Poor,0,Low,0.51,0.07,0.0,5.05,1.65,26.1,17.15,19.9,31.8,71.8,26.89,Medium,2026-07-08T10:43:19.313889+00:00,69.10176685121324,114.04,worsening,2023,2025,2021,2025,45.6,65.2
Junagadh,Gujarat,39.70316031561819,99.52547454833984,61.54342193603516,137.5157012939453,0.2745824591567119,0.3757487077265978,7.686582811673483,2.959407083193461,174.16466666666665,304.59,2025,cams_gap_fill,December,2025,34.07839515260474,co,Satisfactory,Moderate,Good,Good,,,Moderate,0,Low,0.16,0.09,0.01,27.94,0.86,22.05,18.9,33.4,34.1,58.8,19.18,Low,2026-07-08T10:43:19.313889+00:00,42.34634404712253,19.98,worsening,2023,2025,2021,2025,19.5,15.2
Kabeerdham,Chhattisgarh,56.87351096086584,100.92346954345705,79.48426570892335,142.6747283935547,0.6539629014829794,0.5901621443529924,13.07252804438273,2.9162856340408325,236.83316666666667,347.83,2025,cams_gap_fill,January,2024,50.39078336620576,co,Satisfactory,Moderate,Good,Good,,,Poor,5,Low,0.01,0.01,0.0,16.12,0.07,25.25,8.95,11.8,26.95,43.6,22.4,Low,2026-07-08T10:43:19.313889+00:00,57.5273347430759,-0.35,stable,2023,2025,2021,2025,52.5,42.2
Kachchh,Gujarat,51.37083458902637,114.97920989990234,90.50059191385904,169.8342742919922,0.1365210370160638,0.1377070449292659,5.907993324597677,2.803176454703013,152.97783333333334,287.27,2025,cams_gap_fill,January,2024,48.870542612477685,co,Satisfactory,Poor,Good,Good,,,Moderate,0,Low,0.39,0.09,0.01,22.7,1.44,18.65,13.15,25.7,23.8,57.5,19.22,Low,2026-07-08T10:43:19.313889+00:00,54.461638397640655,16.16,worsening,2023,2025,2021,2025,41.6,15.5
Kaimur,Bihar,88.05238787409311,211.343978881836,153.7906504313151,298.80743408203125,1.060308109720548,1.4881463234623271,25.482426373163857,2.799970241387685,316.59933333333333,441.4,2025,cams_gap_fill,January,2024,62.145359404345214,co,Moderate,Very Poor,Good,Good,,,Very Poor,3,Low,0.08,0.06,0.02,7.9,0.78,,,,,,30.2,Medium,2026-07-08T10:43:19.313889+00:00,109.3819686041938,84.82,worsening,2023,2025,2021,2025,74.0,76.6
Kaithal,Haryana,105.22997679140668,227.2377471923828,185.4223668416341,332.7078857421875,1.1963195900122323,1.6077986538410187,29.4772087097168,3.129741414388021,342.60716666666667,450.16,2025,cams_gap_fill,January,2024,77.08711226485312,co,Poor,Very Poor,Good,Good,,,Very Poor,1,Low,0.03,0.01,0.0,0.41,0.27,18.65,16.35,32.7,12.15,61.5,32.21,Medium,2026-07-08T10:43:19.313889+00:00,130.13894367218018,86.5,worsening,2023,2025,2021,2025,82.1,81.1
Kalahandi,Odisha,43.58108639738799,78.51365661621094,66.92564299901326,147.2257080078125,0.4469935663044452,0.4112780928611755,11.677853560447693,2.967922927935918,222.74166666666667,335.95,2025,cams_gap_fill,December,2025,37.57334407049198,co,Satisfactory,Moderate,Good,Good,,,Poor,3,Low,0.12,0.12,0.0,21.64,0.86,26.3,13.05,15.0,36.85,64.2,21.85,Low,2026-07-08T10:43:19.313889+00:00,48.53912046220567,21.62,worsening,2023,2025,2021,2025,25.4,38.5
Kamrup,Assam,69.85232744607087,154.01882934570312,126.76945711771648,217.0325622558593,0.6496380145351092,0.6717688366770744,21.683539573351545,2.622321502367656,307.27466666666663,411.08,2025,cams_gap_fill,January,2021,46.32186277587141,co,Moderate,Very Poor,Good,Good,,,Very Poor,0,Low,0.4,0.07,0.04,5.05,1.82,20.7,18.85,23.5,29.5,71.5,29.37,Medium,2026-07-08T10:43:19.313889+00:00,91.51417435540094,103.02,worsening,2023,2025,2021,2025,65.8,74.6
KamrupMetropolitan,Assam,65.87076152365245,145.9134521484375,119.59863872528076,207.54656982421875,0.6615934565663337,0.6407478486498197,21.003778465588887,2.4645201325416566,304.91200000000003,401.97,2025,cams_gap_fill,January,2021,44.72572766867801,co,Moderate,Poor,Good,Good,,,Very Poor,0,Low,,,,,,18.65,18.7,21.3,25.85,74.6,25.74,Medium,2026-07-08T10:43:19.313889+00:00,86.14336554209392,94.1,worsening,2023,2025,2021,2025,61.4,60.1
Kancheepuram,TamilNadu,49.92185111852679,102.34273529052734,91.80828444163004,145.2349090576172,0.5628620704015096,0.8052683095137279,12.899659236272177,2.989689036210378,237.2518333333333,330.56,2025,cams_gap_fill,December,2021,34.199414107258946,co,Satisfactory,Poor,Good,Good,,,Poor,0,Low,0.02,0.0,0.01,42.44,0.1,28.15,23.6,46.4,11.0,57.0,23.42,Low,2026-07-08T10:43:19.313889+00:00,64.42343362172444,148.4,worsening,2023,2025,2021,2025,37.9,48.4
Kandhamal,Odisha,42.08661632314784,85.63494873046875,70.3756277402242,136.47024536132812,0.5278822357455889,0.5485409900546074,12.079946621259053,3.034279638528824,225.90983333333327,349.59,2025,cams_gap_fill,December,2025,31.391838090613003,co,Satisfactory,Moderate,Good,Good,,,Poor,0,Low,0.11,0.17,0.0,21.64,0.97,24.6,11.4,15.7,38.75,48.9,20.97,Low,2026-07-08T10:43:19.313889+00:00,51.29306671354506,63.3,worsening,2023,2025,2021,2025,23.4,28.8
Kangra,HimachalPradesh,40.06836357508237,74.12850952148438,66.15845985412598,104.49958801269533,0.668284506102403,0.5207321877280872,14.26397446791331,2.711803948879242,253.537,350.92,2025,cams_gap_fill,January,2024,29.59500862794249,co,Satisfactory,Moderate,Good,Good,,,Poor,0,Low,0.0,0.0,0.0,0.0,0.0,25.75,16.05,31.0,17.05,63.4,21.25,Low,2026-07-08T10:43:19.313889+00:00,47.314127922058105,50.23,worsening,2023,2025,2021,2025,20.4,32.2
Kannauj,UttarPradesh,115.28929384594969,255.2060546875,193.9013271331787,360.633056640625,1.1866847813129424,1.6768284445007642,30.634266678492228,2.8858296155929564,337.402,459.83,2025,cams_gap_fill,January,2024,87.90655747942057,co,Poor,Very Poor,Good,Good,,,Very Poor,2,Low,0.01,0.0,0.0,0.0,0.03,14.65,7.1,18.8,29.8,65.2,31.03,Medium,2026-07-08T10:43:19.313889+00:00,137.35092629326715,62.84,worsening,2023,2025,2021,2025,85.5,78.0
Kanniyakumari,TamilNadu,28.826590773964515,55.60326385498047,47.44196834564209,78.76399993896484,0.2150420174002647,0.2395449449618657,7.157245592276255,2.9096906383832297,165.88083333333333,289.45,2025,cams_gap_fill,December,2025,24.90863594142162,co,Good,Satisfactory,Good,Good,,,Moderate,0,Low,0.12,0.03,0.01,0.16,0.52,27.3,27.1,53.0,6.0,45.6,19.05,Low,2026-07-08T10:43:19.313889+00:00,33.15456300311618,54.68,worsening,2023,2025,2021,2025,7.0,14.3
Kannur,Kerala,46.029130842029936,105.87393951416016,87.70324675242107,149.52769470214844,0.5695678532123566,0.5464958598216375,14.649965687592823,2.2772386570771537,247.2128333333333,371.45,2025,cams_gap_fill,December,2025,24.283126178402405,co,Satisfactory,Moderate,Good,Good,,,Poor,0,Low,0.25,0.0,0.0,6.83,0.84,32.9,24.4,32.4,7.3,39.7,25.3,Medium,2026-07-08T10:43:19.313889+00:00,62.98023139105903,195.58,worsening,2023,2025,2021,2025,29.3,57.3
KanpurDehat,UttarPradesh,97.44389937705373,207.18052673339844,154.95140024820964,299.13885498046875,1.0031103601058324,1.0751796027024587,25.73352293173472,2.8092429995536805,315.4916666666667,447.12,2025,cams_gap_fill,January,2024,80.30381900603327,co,Poor,Very Poor,Good,Good,,,Very Poor,7,Low,,,,,,14.55,8.75,19.6,30.35,54.9,29.02,Medium,2026-07-08T10:43:19.313889+00:00,110.34062629275851,36.34,worsening,2023,2025,2021,2025,78.1,73.2
KanpurNagar,UttarPradesh,134.01964436411677,321.4459228515625,240.56644350687665,454.8140869140625,1.2949311921993891,1.8671267161766687,39.117109616597496,2.779523289203644,366.77333333333337,488.66,2025,cams_gap_fill,January,2024,89.20573941148909,co,Very Poor,Very Poor,Good,Good,,,Very Poor,5,Low,,,,,,16.75,9.55,25.2,28.15,57.0,35.6,Medium,2026-07-08T10:43:19.313889+00:00,170.32549921671549,102.83,worsening,2023,2025,2021,2025,92.2,90.5
Kapurthala,Punjab,115.04750370053311,237.5686950683593,204.32125358581544,333.6933898925781,1.223552061120669,1.251369924346606,36.9165423711141,2.780520073572794,369.4791666666667,479.46,2025,cams_gap_fill,January,2024,77.01588301720659,co,Poor,Very Poor,Good,Good,,,Very Poor,0,Low,0.05,0.01,0.01,1.17,0.33,34.25,15.85,42.4,5.9,54.5,36.66,Medium,2026-07-08T10:43:19.313889+00:00,144.6738781399197,94.29,worsening,2023,2025,2021,2025,85.1,92.5
Karaikal,Puducherry,38.58746984410233,70.95138549804688,69.0171412150065,103.04287719726562,0.7421814888715744,1.2282243599494298,9.789372245470682,2.6732593417167663,200.3005,305.91,2025,cams_gap_fill,December,2025,28.72915066783952,co,Satisfactory,Moderate,Good,Good,,,Poor,0,Low,0.07,0.14,0.01,42.44,0.7,22.45,22.6,39.3,12.3,54.4,20.49,Low,2026-07-08T10:43:19.313889+00:00,48.13430415259467,105.49,worsening,2023,2025,2021,2025,16.1,24.9
Karauli,Rajasthan,69.53086112669986,138.30105590820312,105.32812315622964,194.895263671875,0.6890195523699124,0.6167525465289752,17.900944097836813,2.6311626990636188,271.67533333333336,418.56,2025,cams_gap_fill,January,2024,62.01330960352371,co,Moderate,Poor,Good,Good,,,Poor,10,Low,0.05,0.03,0.0,4.32,0.43,11.9,6.9,10.5,34.45,61.5,24.38,Low,2026-07-08T10:43:19.313889+00:00,75.47745153639052,16.13,worsening,2023,2025,2021,2025,65.1,54.7
KarbiAnglong,Assam,65.56363725150158,208.76934814453125,128.0209904352824,306.7123107910156,0.6668759390711785,0.682586720585823,25.218104751904807,2.160387839873632,320.71933333333334,434.68,2025,cams_gap_fill,April,2021,36.05119376488853,co,Moderate,Very Poor,Good,Good,,,Very Poor,0,Low,,,,,,21.45,12.65,15.7,37.75,59.0,25.84,Medium,2026-07-08T10:43:19.313889+00:00,91.76833724975586,198.54,worsening,2023,2025,2021,2025,61.2,60.4
Kargil,JammuandKashmir,12.170978189998204,16.645822525024414,15.08048097292582,32.01615905761719,0.3610695409278074,0.1400982064505417,6.707135796546936,3.093773804108302,159.41833333333335,240.37,2025,cams_gap_fill,January,2021,14.255665218311806,co,Good,Good,Good,Good,,,Moderate,0,Low,0.22,0.02,0.0,12.17,0.89,,,,,,14.44,Low,2026-07-08T10:43:19.313889+00:00,10.76104944282108,-30.38,improving,2023,2025,2021,2025,2.2,3.0
Karimganj,Assam,62.997694056823,140.1276397705078,111.81967283884684,291.7421264648437,0.5848233625292778,0.5475769656399886,21.544490639368693,2.2537811080614727,295.5855,432.01,2025,cams_gap_fill,March,2021,44.20077847759804,co,Moderate,Poor,Good,Good,,,Poor,0,Low,0.44,0.07,0.0,5.05,1.71,16.85,13.35,6.6,48.6,52.0,26.51,Medium,2026-07-08T10:43:19.313889+00:00,79.37958023283217,73.13,worsening,2023,2025,2021,2025,59.0,63.3
Karimnagar,Telangana,53.14238075431445,103.7942352294922,89.53251622517904,146.89645385742188,0.9568762183189392,1.829857917626699,13.35227955977122,2.7972100615501403,240.4391666666667,352.06,2025,cams_gap_fill,December,2025,37.23252407595767,co,Satisfactory,Moderate,Good,Good,,,Poor,14,Moderate,0.26,0.34,0.0,22.82,1.96,29.85,18.4,28.8,12.5,61.1,28.55,Medium,2026-07-08T10:43:19.313889+00:00,64.6430081791348,72.54,worsening,2023,2025,2021,2025,46.3,71.6
Karnal,Haryana,107.47680277601482,219.1841735839844,187.9614351908366,307.3432312011719,1.180749519666036,1.5306344509124756,31.49322969118754,2.9063272376855216,357.23400000000004,449.98,2025,cams_gap_fill,January,2024,80.84976245401369,co,Poor,Very Poor,Good,Good,,,Very Poor,0,Low,0.03,0.01,0.0,0.41,0.27,19.4,9.2,36.5,14.6,61.9,31.94,Medium,2026-07-08T10:43:19.313889+00:00,132.77280277676053,88.19,worsening,2023,2025,2021,2025,83.4,80.1
Karur,TamilNadu,40.02192056171732,77.8757095336914,68.82069829305013,110.9688491821289,0.5060578232010206,0.4952307303746541,10.686016273498534,2.4318112750848133,211.64916666666667,322.04,2025,cams_gap_fill,December,2025,29.4231245013193,co,Satisfactory,Moderate,Good,Good,,,Poor,0,Low,0.01,0.0,0.0,0.0,0.03,26.6,26.15,34.7,15.7,65.0,21.25,Low,2026-07-08T10:43:19.313889+00:00,48.46279658211602,78.23,worsening,2023,2025,2021,2025,20.3,32.2
Kasaragod,Kerala,34.06872190273789,72.40669250488281,59.93081947962443,102.31741333007812,0.2817310631275176,0.2986682578921318,9.929248595237732,2.704356833299001,202.0875,327.74,2025,cams_gap_fill,December,2025,22.33443411220293,co,Satisfactory,Satisfactory,Good,Good,,,Poor,0,Low,0.32,0.0,0.0,6.83,1.02,26.05,21.35,28.4,8.85,35.4,20.83,Low,2026-07-08T10:43:19.313889+00:00,42.70610613293118,97.83,worsening,2023,2025,2021,2025,10.4,27.2
Kasganj,UttarPradesh,142.94219869485363,329.391845703125,254.62243614196777,464.2601623535156,2.424431395530701,9.586285229523977,37.23155506451925,1.8596792340278625,366.176,470.61,2025,cams_gap_fill,January,2024,98.21437771986358,co,Very Poor,Severe,Good,Good,,,Very Poor,2,Low,0.0,0.0,0.0,0.0,0.0,,,,,,37.5,Medium,2026-07-08T10:43:19.313889+00:00,178.61745156182184,92.29,worsening,2023,2025,2021,2025,96.7,95.0
Kathua,JammuandKashmir,68.55660840930544,171.01754760742188,130.21192366282145,241.5052947998047,0.8839924931526184,0.7079127122958501,24.90260926882426,2.5691433270772297,326.135,442.94,2025,cams_gap_fill,January,2024,37.28683472312526,co,Moderate,Very Poor,Good,Good,,,Very Poor,0,Low,0.13,0.02,0.0,12.17,0.64,21.25,12.1,38.2,17.7,53.6,27.28,Medium,2026-07-08T10:43:19.313889+00:00,93.48478190104169,188.75,worsening,2023,2025,2021,2025,64.3,66.8
Katihar,Bihar,108.9071490063122,286.16778564453125,193.1343365351359,404.0505065917969,0.8492627302805583,1.0365981981158257,31.50495260556539,3.0989967624346417,331.535,462.7,2025,cams_gap_fill,January,2024,73.74850828630869,co,Poor,Very Poor,Good,Good,,,Very Poor,0,Low,0.11,0.06,0.02,8.66,0.86,17.4,17.0,13.1,27.65,68.4,32.82,Medium,2026-07-08T10:43:19.313889+00:00,137.1896184285482,95.31,worsening,2023,2025,2021,2025,83.9,81.5
Katni,MadhyaPradesh,51.26491298434234,107.54164123535156,78.92020161946614,151.9413299560547,0.6227311710516612,0.7268157161772251,13.54436281522115,2.7339266498883563,239.0465,384.29,2025,cams_gap_fill,January,2024,41.89200316846045,co,Satisfactory,Moderate,Good,Good,,,Poor,2,Low,0.05,0.0,0.0,0.0,0.17,19.65,12.65,16.4,34.55,58.7,21.18,Low,2026-07-08T10:43:19.313889+00:00,57.20142836040921,32.58,worsening,2023,2025,2021,2025,41.4,31.3
Kaushambi,UttarPradesh,115.68837856946328,272.0268249511719,199.4490472157796,395.0545654296875,1.0994758864243823,1.3511680389444034,32.03259126345316,2.8837061087290445,341.7588333333333,463.94,2025,cams_gap_fill,January,2024,82.51836902632091,co,Poor,Very Poor,Good,Good,,,Very Poor,5,Low,0.0,0.0,0.0,0.0,0.0,9.7,13.6,17.3,34.25,54.4,31.94,Medium,2026-07-08T10:43:19.313889+00:00,141.36147276560465,73.83,worsening,2023,2025,2021,2025,85.9,80.1
Kendrapara,Odisha,57.20853544884276,167.64784240722656,96.96761207580566,237.0907745361328,0.5133817066748937,0.9225423529744148,15.46831111907959,3.644218389193217,245.18066666666667,416.5,2025,cams_gap_fill,December,2025,43.7925932530743,co,Satisfactory,Poor,Good,Good,,,Poor,0,Low,0.15,0.46,0.0,11.52,1.75,23.35,18.65,24.1,42.9,58.8,25.62,Medium,2026-07-08T10:43:19.313889+00:00,70.39807653427124,61.79,worsening,2023,2025,2021,2025,53.1,59.2
Kendujhar,Odisha,56.01760206371245,123.28567504882812,87.95409787495932,174.2001953125,0.6607716038823128,0.6889717683196068,15.486479171117146,2.767910224199295,252.66666666666663,404.59,2025,cams_gap_fill,January,2024,45.67097274006551,co,Satisfactory,Moderate,Good,Good,,,Poor,0,Low,0.09,0.11,0.0,11.52,0.75,24.6,13.55,17.0,49.55,69.2,23.71,Low,2026-07-08T10:43:19.313889+00:00,64.86297681596544,31.44,worsening,2023,2025,2021,2025,50.9,51.5
Khagaria,Bihar,138.00104040920306,343.78173828125,257.99241027832034,521.6695556640625,1.202830477555593,1.7650539249181747,41.30949672063192,3.168636910120646,367.174,490.53,2025,cams_gap_fill,January,2021,87.94620787664755,co,Very Poor,Severe,Good,Good,,,Very Poor,0,Low,0.1,0.06,0.02,7.9,0.84,14.55,19.4,18.1,23.6,59.5,37.66,Medium,2026-07-08T10:43:19.313889+00:00,180.7256087197198,136.41,worsening,2023,2025,2021,2025,94.2,95.3
Khammam,Telangana,47.81866415628125,122.88330841064452,84.81432857513428,173.62350463867188,0.510404319067796,0.597778461376826,12.998118265469868,2.762024760246277,232.52266666666668,403.29,2025,cams_gap_fill,December,2025,32.202302039286394,co,Satisfactory,Moderate,Good,Good,,,Poor,5,Low,0.3,0.28,0.0,22.82,1.71,29.2,17.7,36.1,10.75,62.4,25.5,Medium,2026-07-08T10:43:19.313889+00:00,60.76752747429742,102.6,worsening,2023,2025,2021,2025,32.5,58.6
Kheda,Gujarat,81.73831835185011,184.0506134033203,150.6140505472819,258.9234619140625,0.9839661300182344,1.803507391611735,20.094151441256205,2.132056492567062,284.90933333333334,412.31,2025,cams_gap_fill,November,2024,50.5733055082938,co,Moderate,Very Poor,Good,Good,,,Poor,0,Low,0.12,0.09,0.01,27.94,0.75,24.25,17.1,17.8,29.65,76.1,28.58,Medium,2026-07-08T10:43:19.313889+00:00,107.39201270209418,143.81,worsening,2023,2025,2021,2025,71.0,71.8
Khordha,Odisha,62.7703825462365,186.2413787841797,112.82441851298016,263.5377502441406,0.8231826275587082,1.3839935074249905,18.073244444529216,3.077426064014434,266.32033333333334,427.42,2025,cams_gap_fill,December,2025,40.98088725048656,co,Moderate,Poor,Good,Good,,,Poor,0,Low,0.19,0.12,0.0,21.64,1.05,22.65,23.55,39.3,32.4,68.1,26.73,Medium,2026-07-08T10:43:19.313889+00:00,81.4814363055759,113.82,worsening,2023,2025,2021,2025,58.6,64.5
Khowai,Tripura,76.12648519221055,174.33187866210938,124.76208578745523,279.0701599121094,0.6709421202540398,0.6031553571422895,20.643369340896605,2.374146906534831,283.886,422.01,2025,cams_gap_fill,March,2021,59.24864159349264,co,Moderate,Very Poor,Good,Good,,,Poor,0,Low,0.2,0.16,0.0,0.0,1.08,20.2,18.05,15.4,56.6,63.7,27.88,Medium,2026-07-08T10:43:19.313889+00:00,89.74465142356024,41.74,worsening,2023,2025,2021,2025,68.3,70.0
Khunti,Jharkhand,76.75387547197444,176.48123168945312,127.37478326161704,249.3486328125,0.9801144729057948,1.226445975402991,22.095681198438008,2.572941795984904,299.2855,424.07,2025,cams_gap_fill,January,2024,57.51023074202331,co,Moderate,Very Poor,Good,Good,,,Poor,0,Low,0.02,0.03,0.0,1.42,0.2,12.95,12.15,3.9,36.7,70.0,25.3,Medium,2026-07-08T10:43:19.313889+00:00,91.54785855611163,52.56,worsening,2023,2025,2021,2025,68.8,57.3
Kinnaur,HimachalPradesh,18.546031302631736,30.816665649414062,12.471617336626409,31.77821350097656,0.2518235392592571,0.1146100957326038,5.60729322610078,3.6617258566397206,145.64083333333332,178.59,2025,sedac_calibrated,January,2025,22.0714895273983,co,Good,Good,Good,Good,,,Moderate,0,Low,0.06,0.0,0.0,0.0,1.05,20.65,7.6,26.4,23.05,51.7,13.88,Low,2026-07-08T10:43:19.313889+00:00,8.432450049453312,-67.38,improving,2023,2025,2021,2025,4.1,2.4
Kinnaur,HimachalPradesh,18.546031302631736,30.816665649414062,12.471617336626409,31.77821350097656,0.2518235392592571,0.1146100957326038,5.60729322610078,3.6617258566397206,145.64083333333332,178.59,2025,sedac_calibrated,January,2025,22.0714895273983,co,Good,Good,Good,Good,,,Moderate,0,Low,0.06,0.0,0.0,0.0,1.05,20.65,7.6,26.4,23.05,51.7,13.88,Low,2026-07-08T10:43:19.313889+00:00,8.432450049453312,-67.38,improving,2023,2025,2021,2025,4.1,2.4
Kinnaur,HimachalPradesh,18.546031302631736,30.816665649414062,12.471617336626409,31.77821350097656,0.2518235392592571,0.1146100957326038,5.60729322610078,3.6617258566397206,145.64083333333332,178.59,2025,sedac_calibrated,January,2025,22.0714895273983,co,Good,Good,Good,Good,,,Moderate,0,Low,0.06,0.0,0.0,0.0,1.05,20.65,7.6,26.4,23.05,51.7,13.88,Low,2026-07-08T10:43:19.313889+00:00,8.432450049453312,-67.38,improving,2023,2025,2021,2025,4.1,2.4
Kiphire,Nagaland,29.9791028424214,133.95362854003906,53.30363410313924,254.5760955810547,0.2720651179552077,0.1883477974062164,12.27090293566386,2.1640981316566466,220.69083333333336,417.02,2025,cams_gap_fill,March,2021,23.81789209814411,co,Good,Satisfactory,Good,Good,,,Poor,0,Low,0.02,0.0,0.0,1.42,0.07,18.65,9.75,9.3,27.15,31.4,16.8,Low,2026-07-08T10:43:19.313889+00:00,36.15874886512756,54.69,worsening,2023,2025,2021,2025,7.4,6.7
Kishanganj,Bihar,99.4993760905315,270.5201721191406,180.8118752161662,382.0436706542969,0.7240640923380852,0.7202190846204758,32.27215752601624,2.7737679203351338,337.43733333333336,463.34,2025,cams_gap_fill,December,2022,62.77968155057125,co,Poor,Very Poor,Good,Good,,,Very Poor,0,Low,0.09,0.06,0.02,8.66,0.81,20.05,14.0,11.6,31.0,65.1,31.8,Medium,2026-07-08T10:43:19.313889+00:00,130.15067746904165,131.39,worsening,2023,2025,2021,2025,79.4,79.4
Kishtwar,JammuandKashmir,22.92721039794969,40.80804061889648,34.59919815063476,57.41917419433594,0.481460502743721,0.2526713815828164,9.765091101328531,2.6866458813349405,199.443,283.04,2025,cams_gap_fill,December,2024,21.202395327443337,co,Good,Satisfactory,Good,Good,,,Moderate,0,Low,0.08,0.12,0.0,12.17,0.78,13.25,6.05,24.9,22.4,84.8,14.82,Low,2026-07-08T10:43:19.313889+00:00,24.69479407204522,9.34,stable,2023,2025,2021,2025,5.5,3.7
KochBihar,WestBengal,79.48373200375416,200.55499267578125,147.90369714101155,282.6793518066406,0.7197967479626338,0.5736714184284211,25.327456720670064,2.514830787976583,317.83816666666667,429.01,2025,cams_gap_fill,January,2023,48.505455368545526,co,Moderate,Very Poor,Good,Good,,,Very Poor,0,Low,,,,,,21.25,16.15,16.5,39.2,74.8,27.9,Medium,2026-07-08T10:43:19.313889+00:00,106.73072889116077,148.25,worsening,2023,2025,2021,2025,70.1,70.2
Kodagu,Karnataka,44.500895432875886,105.87393951416016,87.70324675242107,149.52769470214844,0.5695678532123566,0.5464958598216375,14.649965687592823,2.2772386570771537,247.2128333333333,371.45,2025,cams_gap_fill,December,2025,21.349222903057296,co,Satisfactory,Moderate,Good,Good,,,Poor,0,Low,0.09,0.02,0.0,13.31,0.43,32.4,18.35,34.7,15.45,39.9,23.51,Low,2026-07-08T10:43:19.313889+00:00,62.98023139105903,263.99,worsening,2023,2025,2021,2025,27.1,49.6
Kodarma,Jharkhand,98.97642044682588,269.9499816894531,185.1364586512248,381.5019836425781,1.1545937448740005,1.5908425241708757,29.14863216082255,2.9376306891441346,330.70416666666665,458.75,2025,cams_gap_fill,January,2024,61.40209977702088,co,Poor,Very Poor,Good,Good,,,Very Poor,0,Low,0.02,0.03,0.0,1.42,0.2,17.2,16.8,12.4,19.35,64.9,30.56,Medium,2026-07-08T10:43:19.313889+00:00,131.21626620822482,150.55,worsening,2023,2025,2021,2025,78.8,77.1
Kohima,Nagaland,38.77012057207069,152.5990753173828,72.7181248664856,408.2977600097656,0.3761383523543676,0.2903213545680046,16.22309686342875,2.1169126451015474,253.808,463.95,2025,cams_gap_fill,March,2021,27.77538847239262,co,Satisfactory,Moderate,Good,Good,,,Poor,0,Low,0.02,0.0,0.0,1.42,0.07,28.4,8.25,11.6,31.15,14.9,20.43,Low,2026-07-08T10:43:19.313889+00:00,49.443511168162026,90.97,worsening,2023,2025,2021,2025,16.7,24.2
Kokrajhar,Assam,68.40107228165314,152.14645385742188,119.54005654652912,214.48532104492188,0.5622546136379242,0.4838278035322825,21.44347492853801,2.4846249083677927,298.7725,416.65,2025,cams_gap_fill,January,2021,47.91173920171122,co,Moderate,Poor,Good,Good,,,Poor,0,Low,0.41,0.07,0.0,5.05,1.42,18.6,11.65,13.7,40.6,59.5,26.85,Medium,2026-07-08T10:43:19.313889+00:00,86.57110786437988,83.97,worsening,2023,2025,2021,2025,64.1,65.1
Kolar,Karnataka,33.1171907149895,69.69606018066406,56.36544583638509,98.57450103759766,0.4494511773188909,0.3509684294462204,9.316757961114249,2.7015488922595976,194.45033333333333,309.71,2025,cams_gap_fill,December,2025,26.014212581501056,co,Satisfactory,Satisfactory,Good,Good,,,Moderate,0,Low,0.08,0.02,0.0,13.31,0.4,26.1,13.8,27.9,16.1,43.6,18.36,Low,2026-07-08T10:43:19.313889+00:00,39.66704281171163,83.38,worsening,2023,2025,2021,2025,9.8,11.1
Kolasib,Mizoram,48.58406025390276,369.931640625,92.90194514592488,980.185302734375,0.3470266563196977,0.2439089539150396,19.617707224686946,2.0062948346138,234.8318333333333,500.0,2025,cams_gap_fill,March,2021,36.22905151373288,co,Satisfactory,Poor,Good,Good,,,Poor,0,Low,0.0,0.03,0.0,0.0,0.46,20.4,14.75,26.0,72.95,37.7,21.2,Low,2026-07-08T10:43:19.313889+00:00,60.35880388153924,45.95,worsening,2023,2025,2021,2025,34.6,31.7
Kolhapur,Maharashtra,50.307579424117655,113.66243743896484,87.51888364156088,160.27273559570312,0.56063740948836,0.5844703593601783,13.869423890113833,2.7452740808328,237.46266666666668,374.45,2025,cams_gap_fill,February,2025,33.97489622974413,co,Satisfactory,Moderate,Good,Good,,,Poor,0,Low,0.07,0.04,0.0,12.65,0.49,32.1,15.35,23.7,17.7,50.1,23.42,Low,2026-07-08T10:43:19.313889+00:00,61.62667846679688,73.1,worsening,2023,2025,2021,2025,39.3,48.4
Kolkata,WestBengal,162.99006656646728,490.1981506347656,332.8627451578776,722.889404296875,1.4798089732726416,3.0276559432347616,51.54187164306641,2.497923896710078,373.0405,500.0,2025,cams_gap_fill,January,2021,73.21718803903332,co,Very Poor,Severe,Good,Good,,,Very Poor,0,Low,0.02,0.7,0.0,0.0,1.9,23.85,22.95,29.0,24.2,58.2,44.42,Medium,2026-07-08T10:43:19.313889+00:00,239.0584452946981,324.48,worsening,2023,2025,2021,2025,98.7,99.3
Kollam,Kerala,39.76114929688727,92.69365692138672,74.92359193166097,131.2191162109375,0.3614335089921951,0.4231859462956587,11.94530810515086,3.004721184571584,221.70066666666665,364.17,2025,cams_gap_fill,December,2025,24.63067585513432,co,Satisfactory,Moderate,Good,Good,,,Poor,0,Low,0.24,0.0,0.01,6.99,0.84,33.85,28.2,43.5,11.55,36.0,24.22,Low,2026-07-08T10:43:19.313889+00:00,53.54454893536038,171.37,worsening,2023,2025,2021,2025,19.7,53.8
Kondagaon,Chhattisgarh,40.10417753675039,64.40165710449219,55.66663020451863,90.71749114990234,0.3143388416618108,0.2823401372879743,9.75054711898168,3.0804258505503337,200.05533333333327,308.91,2025,cams_gap_fill,December,2025,39.48512884032202,co,Satisfactory,Satisfactory,Good,Good,,,Poor,0,Low,0.01,0.01,0.0,16.12,0.07,,,,,,18.19,Low,2026-07-08T10:43:19.313889+00:00,40.27006112204658,-3.25,stable,2023,2025,2021,2025,20.7,10.2
Koppal,Karnataka,35.85466195199648,77.00259399414062,56.61537421544393,108.76448059082033,0.4245086662471294,0.340908819809556,8.621643030643463,2.899234390258789,185.24466666666663,312.26,2025,cams_gap_fill,December,2025,28.948370103121817,co,Satisfactory,Satisfactory,Good,Good,,,Moderate,0,Low,0.1,0.02,0.0,14.02,0.46,20.85,12.05,21.9,27.0,54.8,17.36,Low,2026-07-08T10:43:19.313889+00:00,40.28715626398722,38.74,worsening,2023,2025,2021,2025,12.9,7.5
Koraput,Odisha,38.23436308429363,70.66785430908203,60.640140787760416,106.3348159790039,0.4243013982971509,0.5556168084343275,10.586034325758616,2.864027923345566,210.00083333333333,326.17,2025,cams_gap_fill,December,2025,31.095682706248983,co,Satisfactory,Moderate,Good,Good,,,Poor,0,Low,0.12,0.14,0.0,21.64,0.92,22.8,10.4,9.2,45.35,58.2,19.37,Low,2026-07-08T10:43:19.313889+00:00,43.79561445448134,32.17,worsening,2023,2025,2021,2025,15.2,16.1
Korba,Chhattisgarh,58.7736696631174,110.09984588623048,89.5460173924764,154.94862365722656,0.9974503546953202,1.8553743749856948,15.142036652565002,2.505212483803432,255.38933333333333,377.47,2025,cams_gap_fill,December,2025,48.415494174054295,co,Satisfactory,Moderate,Good,Good,,,Poor,3,Low,0.01,0.01,0.0,16.12,0.07,28.3,9.9,16.2,30.6,66.4,23.65,Low,2026-07-08T10:43:19.313889+00:00,64.69921000798543,25.63,worsening,2023,2025,2021,2025,54.4,50.9
Koriya,Chhattisgarh,45.191971506953685,87.85609436035156,67.94987878799438,121.47492980957033,0.5353283335765203,0.4889884399871031,11.951959737141928,2.9205366015434264,224.03833333333333,355.51,2025,cams_gap_fill,January,2024,37.54881903708344,co,Satisfactory,Moderate,Good,Good,,,Poor,0,Low,0.01,0.01,0.0,16.12,0.07,28.3,14.0,17.3,30.95,64.4,20.86,Low,2026-07-08T10:43:19.313889+00:00,49.63277059131198,30.9,worsening,2023,2025,2021,2025,28.1,27.7
Kota,Rajasthan,58.02012919322581,114.19173431396484,84.39011777242025,158.99508666992188,0.5659223159154256,0.513237326592207,13.348501578966776,2.7366257905960083,235.653,382.33,2025,cams_gap_fill,January,2024,54.14263864017151,co,Satisfactory,Moderate,Good,Good,,,Poor,26,High,0.12,0.03,0.0,4.32,0.64,18.05,6.8,13.0,26.2,51.8,25.44,Medium,2026-07-08T10:43:19.313889+00:00,60.79562107721964,8.09,stable,2023,2025,2021,2025,53.7,58.2
Kottayam,Kerala,52.444754122806245,125.21438598632812,101.77046025594076,176.9355926513672,0.6088355471690495,0.614225306113561,16.602995109558105,2.4469039996465045,263.171,403.18,2025,cams_gap_fill,December,2025,28.20189010722975,co,Satisfactory,Poor,Good,Good,,,Poor,0,Low,0.24,0.0,0.0,6.83,0.81,36.5,29.05,39.8,10.0,38.7,27.9,Medium,2026-07-08T10:43:19.313889+00:00,72.99348041746352,231.64,worsening,2023,2025,2021,2025,45.3,70.2
Kozhikode,Kerala,50.017613591291,114.58098602294922,94.72565040588378,161.89715576171875,0.5437060038248698,0.5562243168552716,15.570934915542605,2.5644831081231434,254.5653333333333,387.04,2025,cams_gap_fill,December,2025,27.42421604953637,co,Satisfactory,Poor,Good,Good,,,Poor,0,Low,0.25,0.04,0.0,6.83,0.95,29.0,23.2,30.7,6.05,29.8,25.47,Medium,2026-07-08T10:43:19.313889+00:00,67.95600875218709,190.12,worsening,2023,2025,2021,2025,38.3,58.4
Krishna,AndhraPradesh,49.88134740904189,144.49188232421875,89.47120736440023,204.21435546875,0.5808095316092173,0.8418340762456258,12.535356895128889,2.813645724455516,227.9435,399.82,2025,cams_gap_fill,December,2025,33.74967828031615,co,Satisfactory,Moderate,Good,Good,,,Poor,0,Low,0.16,0.28,0.01,0.88,1.35,26.25,22.9,40.6,11.35,60.3,24.53,Low,2026-07-08T10:43:19.313889+00:00,63.41869470808241,110.62,worsening,2023,2025,2021,2025,37.6,55.2
Krishnagiri,TamilNadu,40.51362180846887,78.35757446289062,71.62056121826171,110.88417053222656,0.5745055387417476,0.5605906903743744,11.71048816839854,2.468619114160538,225.40166666666667,321.06,2025,cams_gap_fill,December,2025,29.17549579357224,co,Satisfactory,Moderate,Good,Good,,,Poor,0,Low,0.01,0.0,0.0,0.0,0.03,24.4,14.5,34.5,14.25,44.0,19.79,Low,2026-07-08T10:43:19.313889+00:00,50.54922670788236,107.92,worsening,2023,2025,2021,2025,21.3,19.3
Kulgam,JammuandKashmir,39.49876204349972,70.68038940429688,67.88214931488037,99.57183837890624,0.620164987941583,0.4325170370439688,15.156838591893514,2.628350414832433,262.6898333333333,341.02,2025,cams_gap_fill,December,2025,28.03967377427103,co,Satisfactory,Moderate,Good,Good,,,Poor,0,Low,0.0,0.0,0.0,0.0,0.0,22.85,6.25,25.9,20.5,77.0,19.64,Low,2026-07-08T10:43:19.313889+00:00,48.46491008334689,65.35,worsening,2023,2025,2021,2025,18.8,18.3
Kullu,HimachalPradesh,23.83148845063805,31.167616345603665,29.897226842244468,52.49488067626953,0.5574593529105186,0.4417259402573109,8.70739750067393,3.081470747788748,184.97233333333327,289.63,2025,cams_gap_fill,January,2021,25.908780750491147,co,Good,Good,Good,Good,,,Moderate,0,Low,0.68,0.0,0.0,0.0,1.84,19.0,9.25,29.8,17.5,52.8,17.28,Low,2026-07-08T10:43:19.313889+00:00,21.07044021288554,-33.14,improving,2023,2025,2021,2025,5.6,7.2
Kupwara,JammuandKashmir,35.88238776086878,65.23016357421875,62.52259845733643,92.3196029663086,0.6011378874381383,0.5267738247911136,15.957420857747396,3.4270832856496174,266.5,377.44,2025,cams_gap_fill,January,2021,26.206596096364382,co,Satisfactory,Moderate,Good,Good,,,Poor,0,Low,0.08,0.12,0.0,12.17,0.84,18.5,7.2,21.3,28.3,73.5,20.11,Low,2026-07-08T10:43:19.313889+00:00,44.6388185289171,85.54,worsening,2023,2025,2021,2025,13.2,21.9
Kurnool,AndhraPradesh,38.24091745987447,94.63536834716795,63.08898684183757,133.67417907714844,0.5406940244138241,0.3564719925324122,10.08305857181549,2.688477349281311,203.9223333333333,354.2,2025,cams_gap_fill,December,2025,29.895757715748186,co,Satisfactory,Moderate,Good,Good,,,Poor,0,Low,0.07,0.0,0.0,0.71,0.24,29.4,17.85,29.0,11.0,58.6,20.22,Low,2026-07-08T10:43:19.313889+00:00,44.82177315817939,67.03,worsening,2023,2025,2021,2025,15.4,22.8
Kurukshetra,Haryana,104.33769958531744,227.2377471923828,185.4223668416341,332.7078857421875,1.1963195900122323,1.6077986538410187,29.4772087097168,3.129741414388021,342.60716666666667,450.16,2025,cams_gap_fill,January,2024,74.80310374689702,co,Poor,Very Poor,Good,Good,,,Very Poor,0,Low,0.04,0.01,0.0,0.41,0.3,32.4,12.3,37.3,12.8,57.1,33.44,Medium,2026-07-08T10:43:19.313889+00:00,130.13894367218018,98.06,worsening,2023,2025,2021,2025,81.7,83.2
KurungKumey,ArunachalPradesh,11.405417152633513,26.353784561157227,14.984120965003967,49.05347442626953,0.1256121444205442,0.031785309066375,7.705447073777517,2.471152643362681,172.5548333333333,266.58,2025,cams_gap_fill,February,2025,13.017612150571674,co,Good,Good,Good,Good,,,Moderate,0,Low,,,,,,22.6,8.6,23.3,27.9,34.8,12.96,Low,2026-07-08T10:43:19.313889+00:00,10.975466695096758,-26.69,improving,2023,2025,2021,2025,1.9,1.3
Kushinagar,UttarPradesh,123.8958500300894,274.4319763183594,217.1542358398437,408.9503479003906,0.9240722760558128,1.125078472495079,36.90917596817017,2.9466791987419128,358.085,464.76,2025,cams_gap_fill,February,2021,89.59928061819294,co,Very Poor,Very Poor,Good,Good,,,Very Poor,0,Low,0.02,0.0,0.0,0.0,0.07,19.15,11.6,20.2,24.7,42.3,33.95,Medium,2026-07-08T10:43:19.313889+00:00,153.0395047929552,78.65,worsening,2023,2025,2021,2025,89.5,86.4
Lahul&Spiti,HimachalPradesh,13.58316849480915,25.14417814772293,7.663370569547017,22.032808303833008,0.1837477478243055,0.0559217012487351,4.453623042220161,3.9628347612562633,131.36369047619047,159.81,2025,sedac_calibrated,January,2022,18.142442515638937,co,Good,Good,Good,Good,,,Moderate,0,Low,,,,,,,,,,,12.14,Low,2026-07-08T10:43:19.313889+00:00,5.29964186085595,-74.67,improving,2023,2025,2021,2025,2.6,0.5
Lahul&Spiti,HimachalPradesh,13.58316849480915,25.14417814772293,7.663370569547017,22.032808303833008,0.1837477478243055,0.0559217012487351,4.453623042220161,3.9628347612562633,131.36369047619047,159.81,2025,sedac_calibrated,January,2022,18.142442515638937,co,Good,Good,Good,Good,,,Moderate,0,Low,,,,,,,,,,,12.14,Low,2026-07-08T10:43:19.313889+00:00,5.29964186085595,-74.67,improving,2023,2025,2021,2025,2.6,0.5
Lakhimpur,Assam,50.29525665555682,120.64247131347656,97.34717553456623,182.79025268554688,0.6511797765890758,0.7920449376106262,19.61242679754893,2.2130383908748628,289.2801666666667,409.76,2025,cams_gap_fill,February,2021,28.94105930111176,co,Satisfactory,Poor,Good,Good,,,Poor,0,Low,0.83,0.07,0.0,5.05,2.28,22.9,9.35,12.4,41.5,65.4,25.9,Medium,2026-07-08T10:43:19.313889+00:00,69.10176685121324,170.74,worsening,2023,2025,2021,2025,39.2,60.7
LakhimpurKheri,UttarPradesh,76.76910624448102,137.1896514892578,113.73086961110432,193.74595642089844,0.4605983654657999,0.41014460871617,22.868438204129536,2.731560989220937,310.29266666666666,434.24,2025,cams_gap_fill,December,2025,68.87204137760818,co,Moderate,Poor,Good,Good,,,Very Poor,0,Low,,,,,,,,,,,26.9,Medium,2026-07-08T10:43:19.313889+00:00,80.0858662923177,8.87,stable,2023,2025,2021,2025,68.9,65.4
Lakhisarai,Bihar,134.64315173349576,343.78173828125,257.99241027832034,521.6695556640625,1.202830477555593,1.7650539249181747,41.30949672063192,3.168636910120646,367.174,490.53,2025,cams_gap_fill,January,2021,79.90281956633181,co,Very Poor,Severe,Good,Good,,,Very Poor,0,Low,0.09,0.06,0.02,7.9,0.81,13.05,15.3,16.2,23.9,72.6,36.37,Medium,2026-07-08T10:43:19.313889+00:00,180.7256087197198,172.62,worsening,2023,2025,2021,2025,92.8,92.0
Lakshadweep,Lakshadweep,21.72831024896531,33.075904846191406,29.149490563074743,50.31666564941406,0.0065173940655464,0.0247758877929299,4.423962273200353,3.2503818293412525,129.05016666666668,223.33,2025,cams_gap_fill,December,2025,23.23700338959941,co,Good,Good,Good,Good,,,Moderate,0,Low,0.0,0.03,0.0,0.0,0.1,24.75,20.1,33.5,23.0,25.8,14.65,Low,2026-07-08T10:43:19.313889+00:00,19.69321568806966,-18.57,improving,2023,2025,2021,2025,5.3,3.1
Lalitpur,UttarPradesh,55.29160181508772,119.36040496826172,85.53232351938884,168.54165649414062,0.5481077070037524,0.4713006123900413,13.72546483675639,2.8353158553441364,238.2493333333333,402.29,2025,cams_gap_fill,January,2024,47.25352259743752,co,Satisfactory,Moderate,Good,Good,,,Poor,7,Low,0.0,0.0,0.0,0.0,0.0,17.55,5.5,13.2,30.0,38.1,20.82,Low,2026-07-08T10:43:19.313889+00:00,62.32835351096259,33.53,worsening,2023,2025,2021,2025,50.1,26.9
Latehar,Jharkhand,66.16104264202212,159.44117736816406,112.08854325612386,225.193603515625,0.8139221593737602,0.7923279598355293,19.059355068206788,2.8132044196128847,282.3375,420.82,2025,cams_gap_fill,January,2024,46.79798617792373,co,Moderate,Poor,Good,Good,,,Poor,0,Low,0.02,0.03,0.0,1.42,0.2,18.75,10.2,7.3,31.3,63.6,23.92,Low,2026-07-08T10:43:19.313889+00:00,80.93015453550551,78.66,worsening,2023,2025,2021,2025,61.7,52.2
Latur,Maharashtra,44.9575530440988,88.94180297851562,71.57028684616088,122.97024536132812,0.3513698990146319,0.4074437210957209,9.64278483390808,2.971084044377009,199.04433333333333,309.5,2025,cams_gap_fill,January,2024,35.00927073515174,co,Satisfactory,Moderate,Good,Good,,,Moderate,0,Low,0.05,0.06,0.0,12.65,0.49,19.1,10.65,17.6,20.6,50.7,18.57,Low,2026-07-08T10:43:19.313889+00:00,51.01702472898696,35.9,worsening,2023,2025,2021,2025,27.8,12.1
Lawangtlai,Mizoram,48.17393510108524,322.0555725097656,76.5428295135498,780.881103515625,0.2296681431432564,0.1366821382349977,16.663351027170815,1.941040463248889,200.32366666666667,500.0,2025,cams_gap_fill,March,2021,44.203945168412254,co,Satisfactory,Moderate,Good,Good,,,Poor,0,Low,0.0,0.03,0.0,0.0,0.46,,,,,,19.75,Low,2026-07-08T10:43:19.313889+00:00,50.66505965921614,-8.03,stable,2023,2025,2021,2025,33.4,18.9
Leh(Ladakh),JammuandKashmir,5.874102858775036,10.690089225769045,6.989621941248576,16.407209396362305,0.1653676580637693,0.0937540281253555,3.780429001649221,4.277883227666219,123.0325,140.97,2025,cams_gap_fill,February,2024,6.749579407046957,co,Good,Good,Good,Good,,,Moderate,0,Low,,,,,,,,,,,10.88,Low,2026-07-08T10:43:19.313889+00:00,5.000609934329987,-29.81,improving,2023,2025,2021,2025,0.1,0.1
Lohardaga,Jharkhand,55.680933455614166,118.52857208251952,87.5011038462321,167.306884765625,0.7200531601905823,0.6040714994072914,15.54059954484304,2.7495225707689923,257.19466666666665,401.51,2025,cams_gap_fill,January,2024,45.15907251908465,co,Satisfactory,Moderate,Good,Good,,,Poor,0,Low,0.02,0.03,0.0,1.42,0.2,18.85,9.85,7.0,32.25,61.7,21.61,Low,2026-07-08T10:43:19.313889+00:00,63.74448045094808,41.27,worsening,2023,2025,2021,2025,50.7,36.6
Lohit,ArunachalPradesh,11.31404625258661,23.414012908935547,15.20881546111334,36.60908889770508,0.1460096669338998,0.0477312312993619,6.437981452260699,2.10950390072096,155.92011904761907,199.59,2025,sedac_calibrated,February,2023,12.220867287177796,co,Good,Good,Good,Good,,,Moderate,0,Low,0.04,0.0,0.0,0.0,0.14,24.35,9.3,30.9,35.4,47.2,12.86,Low,2026-07-08T10:43:19.313889+00:00,10.891250756051804,-25.04,improving,2023,2025,2021,2025,1.7,1.1
Lohit,ArunachalPradesh,11.31404625258661,23.414012908935547,15.20881546111334,36.60908889770508,0.1460096669338998,0.0477312312993619,6.437981452260699,2.10950390072096,155.92011904761907,199.59,2025,sedac_calibrated,February,2023,12.220867287177796,co,Good,Good,Good,Good,,,Moderate,0,Low,0.04,0.0,0.0,0.0,0.14,24.35,9.3,30.9,35.4,47.2,12.86,Low,2026-07-08T10:43:19.313889+00:00,10.891250756051804,-25.04,improving,2023,2025,2021,2025,1.7,1.1
Longding,ArunachalPradesh,42.83145492815504,172.604736328125,86.55520207087199,370.119140625,0.461610110104084,0.5391865362723668,17.092165358861287,2.0765407105286915,266.7176666666667,436.09,2025,cams_gap_fill,January,2022,27.17766693211171,co,Satisfactory,Moderate,Good,Good,,,Poor,0,Low,0.0,0.0,0.0,0.0,0.0,25.8,12.5,13.7,36.05,34.1,21.58,Low,2026-07-08T10:43:19.313889+00:00,56.56811115476821,110.32,worsening,2023,2025,2021,2025,24.6,36.2
Longleng,Nagaland,39.795973819423686,157.76840209960938,75.56727835337321,328.32391357421875,0.4265293642878532,0.3570617732902368,16.03022632598877,2.3121213455994925,251.173,438.65,2025,cams_gap_fill,March,2022,29.260400806183124,co,Satisfactory,Moderate,Good,Good,,,Poor,0,Low,0.02,0.0,0.0,1.42,0.07,26.3,12.35,7.0,30.95,34.6,20.75,Low,2026-07-08T10:43:19.313889+00:00,49.54768270916409,65.26,worsening,2023,2025,2021,2025,19.8,26.6
LowerDibangValley,ArunachalPradesh,11.015782180121246,23.414012908935547,15.20881546111334,36.60908889770508,0.1460096669338998,0.0477312312993619,6.437981452260699,2.10950390072096,155.92011904761907,199.59,2025,sedac_calibrated,February,2023,11.33197094578544,co,Good,Good,Good,Good,,,Moderate,0,Low,,,,,,31.85,11.05,16.8,36.35,34.6,14.0,Low,2026-07-08T10:43:19.313889+00:00,10.891250756051804,-21.91,improving,2023,2025,2021,2025,1.4,2.7
LowerDibangValley,ArunachalPradesh,11.015782180121246,23.414012908935547,15.20881546111334,36.60908889770508,0.1460096669338998,0.0477312312993619,6.437981452260699,2.10950390072096,155.92011904761907,199.59,2025,sedac_calibrated,February,2023,11.33197094578544,co,Good,Good,Good,Good,,,Moderate,0,Low,,,,,,31.85,11.05,16.8,36.35,34.6,14.0,Low,2026-07-08T10:43:19.313889+00:00,10.891250756051804,-21.91,improving,2023,2025,2021,2025,1.4,2.7
LowerSubansiri,ArunachalPradesh,16.818744215036368,42.838775634765625,26.689640029271445,64.5670394897461,0.1830565807720025,0.1220837783068418,8.12504858970642,2.2896151423454283,177.63966666666664,246.63,2025,cams_gap_fill,February,2025,14.352266078022524,co,Good,Good,Good,Good,,,Moderate,0,Low,,,,,,31.15,11.65,23.2,32.35,40.5,15.55,Low,2026-07-08T10:43:19.313889+00:00,19.649133576287163,31.1,worsening,2023,2025,2021,2025,3.4,5.2
Lucknow,UttarPradesh,121.68724730017205,261.90924072265625,205.0808949788412,377.2153015136719,1.0643250693877535,1.347544083495935,31.62161593437195,3.10929194688797,345.6381666666667,456.89,2025,cams_gap_fill,January,2024,92.11600408488106,co,Very Poor,Very Poor,Good,Good,,,Very Poor,2,Low,0.0,0.0,0.0,0.0,0.0,22.0,15.6,34.8,23.45,55.8,34.45,Medium,2026-07-08T10:43:19.313889+00:00,146.7568300035265,67.71,worsening,2023,2025,2021,2025,88.6,88.0
Ludhiana,Punjab,116.77635735737957,274.1984558105469,212.8548445383708,473.2877502441406,1.3208234697580337,1.506222469607989,35.98650573094686,2.9339048604170483,364.5348333333333,481.67,2025,cams_gap_fill,November,2021,79.37930623440137,co,Poor,Very Poor,Good,Good,,,Very Poor,0,Low,0.05,0.01,0.01,1.17,0.33,29.25,15.4,45.1,7.0,64.3,35.85,Medium,2026-07-08T10:43:19.313889+00:00,147.6449449327257,97.85,worsening,2023,2025,2021,2025,86.1,91.0
Lunglei,Mizoram,44.066394363835954,323.3938903808594,78.52313140233358,972.8247680664062,0.2600748368849356,0.1658142873396476,17.787283746401467,2.0105538189411165,205.63766666666663,500.0,2025,cams_gap_fill,March,2021,38.92022933040802,co,Satisfactory,Moderate,Good,Good,,,Poor,0,Low,0.0,0.03,0.0,0.0,0.46,16.95,15.3,20.6,68.9,34.9,19.05,Low,2026-07-08T10:43:19.313889+00:00,49.24844278229608,11.54,worsening,2023,2025,2021,2025,26.5,14.3
Madhepura,Bihar,117.1999651679393,301.64898681640625,212.13634916941325,439.6406555175781,0.9602830608685812,1.2374466801683108,34.31777813434601,3.240791857242584,342.5921666666666,471.79,2025,cams_gap_fill,January,2024,78.9568423404095,co,Poor,Very Poor,Good,Good,,,Very Poor,0,Low,0.1,0.12,0.02,7.9,1.0,12.45,16.15,12.9,30.55,65.7,33.61,Medium,2026-07-08T10:43:19.313889+00:00,149.98659992218018,110.11,worsening,2023,2025,2021,2025,86.4,84.2
Madhubani,Bihar,134.52583662089762,328.9643859863281,253.0126820882161,492.7259216308594,1.0254365891218185,1.3963607534766198,42.11407661437988,2.9925313234329223,371.2841666666666,486.67,2025,cams_gap_fill,February,2021,83.16057224438008,co,Very Poor,Severe,Good,Good,,,Very Poor,0,Low,0.23,0.12,0.02,8.66,1.32,20.8,16.6,13.7,29.45,61.4,38.64,Medium,2026-07-08T10:43:19.313889+00:00,177.8370427025689,140.33,worsening,2023,2025,2021,2025,92.6,96.6
Madurai,TamilNadu,39.03717769264354,70.38800048828125,68.24102160135905,105.6014633178711,0.4847954352696736,0.4532110467553139,10.579335912068684,2.4450861712296805,210.7935,310.6,2025,cams_gap_fill,December,2025,28.687835893084703,co,Satisfactory,Moderate,Good,Good,,,Poor,0,Low,0.01,0.02,0.0,0.0,0.1,28.7,21.95,40.8,10.55,48.0,20.89,Low,2026-07-08T10:43:19.313889+00:00,47.897744019826256,87.75,worsening,2023,2025,2021,2025,17.6,28.2
Maharajganj,UttarPradesh,127.65749209228018,311.4494323730469,234.53777580261232,436.9205322265625,1.045352104306221,1.3777211179335913,39.13628555933634,3.090017056465149,364.1945,473.52,2025,cams_gap_fill,January,2024,82.749459389379,co,Very Poor,Very Poor,Good,Good,,,Very Poor,0,Low,0.01,0.0,0.0,0.0,0.03,,,,,,35.23,Medium,2026-07-08T10:43:19.313889+00:00,164.64652739630804,112.45,worsening,2023,2025,2021,2025,90.5,89.6
Mahasamund,Chhattisgarh,66.18301560361054,135.86566162109375,93.79087975819904,191.15093994140625,0.7112392214437325,0.6644413709640503,15.475625944137573,2.789581847190857,255.16616666666667,406.15,2025,cams_gap_fill,December,2025,57.79179279853889,co,Moderate,Poor,Good,Good,,,Poor,12,Moderate,0.05,0.01,0.0,16.12,0.2,19.65,8.05,12.6,33.45,63.0,24.64,Low,2026-07-08T10:43:19.313889+00:00,68.65348884794447,5.03,stable,2023,2025,2021,2025,61.8,55.5
Mahbubnagar,Telangana,42.26474442309422,105.8283462524414,72.96245396931967,149.50460815429688,0.6281057253479958,0.4819456338882446,11.64021877447764,2.58261726697286,222.33516666666668,369.31,2025,cams_gap_fill,December,2025,30.62370805393177,co,Satisfactory,Moderate,Good,Good,,,Poor,0,Low,0.27,0.28,0.0,22.82,1.6,,,,,,21.65,Low,2026-07-08T10:43:19.313889+00:00,51.93630621168349,92.95,worsening,2023,2025,2021,2025,24.0,37.1
Mahe,Puducherry,30.671219816831787,64.75147247314453,51.80811319351197,91.53103637695312,0.186701621611913,0.2261825262258449,8.32007421652476,3.028414205710093,181.697,323.2,2025,cams_gap_fill,December,2025,21.4424225692098,co,Satisfactory,Satisfactory,Good,Good,,,Moderate,0,Low,0.05,0.14,0.0,42.28,0.61,35.5,27.85,28.8,6.8,38.4,21.38,Low,2026-07-08T10:43:19.313889+00:00,36.86200141906738,71.79,worsening,2023,2025,2021,2025,8.1,33.9
Mahendragarh,Haryana,110.0962658400732,241.5853576660156,198.23957227071125,339.25146484375,1.3191847493251163,1.6698054860035578,29.2946084022522,2.6854440609614056,341.1418333333333,441.45,2025,cams_gap_fill,January,2024,73.95138175708696,co,Poor,Very Poor,Good,Good,,,Very Poor,6,Low,0.03,0.01,0.0,0.41,0.27,23.7,11.3,29.5,17.6,61.2,33.58,Medium,2026-07-08T10:43:19.313889+00:00,139.33383973439535,96.35,worsening,2023,2025,2021,2025,84.0,84.0
Mahesana,Gujarat,82.76208310400625,184.0506134033203,150.6140505472819,258.9234619140625,0.9839661300182344,1.803507391611735,20.094151441256205,2.132056492567062,284.90933333333334,412.31,2025,cams_gap_fill,November,2024,53.91705622150855,co,Moderate,Very Poor,Good,Good,,,Poor,0,Low,0.11,0.09,0.01,22.7,0.72,24.8,20.5,24.3,22.3,69.3,29.25,Medium,2026-07-08T10:43:19.313889+00:00,107.39201270209418,130.73,worsening,2023,2025,2021,2025,71.4,74.1
Mahisagar,Gujarat,61.129228126027606,110.9027099609375,102.64766597747804,158.80282592773438,0.6374207576115926,0.7488512779275577,14.093603459993998,2.4240434726079303,245.4508333333333,367.25,2025,cams_gap_fill,January,2024,43.85935634813909,co,Moderate,Poor,Good,Good,,,Poor,0,Low,0.11,0.09,0.0,19.7,0.7,15.5,12.7,9.4,25.25,72.5,22.47,Low,2026-07-08T10:43:19.313889+00:00,73.72352865007188,71.15,worsening,2023,2025,2021,2025,57.5,42.5
Mahoba,UttarPradesh,70.5423925449724,155.72291564941406,110.96687679290773,219.94357299804688,0.7685608377059301,0.6085144045452276,18.56525835196177,2.839232949415843,276.30316666666664,422.87,2025,cams_gap_fill,January,2024,58.27916500900814,co,Moderate,Poor,Good,Good,,,Poor,18,Moderate,0.0,0.0,0.0,0.0,0.0,22.25,12.65,19.9,26.85,47.1,27.79,Medium,2026-07-08T10:43:19.313889+00:00,80.24818558163113,38.12,worsening,2023,2025,2021,2025,66.1,69.5
Mainpuri,UttarPradesh,121.98039365913588,276.2229919433594,203.64186477661133,388.2946166992188,1.2759369969367982,1.9417623509963355,32.57718084653219,2.68910818696022,345.23216666666667,463.28,2025,cams_gap_fill,January,2024,93.8371799794429,co,Very Poor,Very Poor,Good,Good,,,Very Poor,3,Low,0.01,0.0,0.0,0.0,0.03,16.15,9.3,21.7,22.1,57.8,32.87,Medium,2026-07-08T10:43:19.313889+00:00,144.28441259596082,57.83,worsening,2023,2025,2021,2025,88.9,81.7
Malappuram,Kerala,53.43665134462874,114.28801727294922,106.68941294352211,169.722900390625,0.7222246731321017,0.7269434824585914,17.242300883928934,2.0968520919481914,272.766,374.9,2025,cams_gap_fill,November,2022,25.9257344479012,co,Satisfactory,Poor,Good,Good,,,Poor,0,Low,0.18,0.0,0.0,6.83,0.64,26.4,22.7,36.6,7.0,34.7,25.68,Medium,2026-07-08T10:43:19.313889+00:00,75.9083743625217,270.04,worsening,2023,2025,2021,2025,46.9,59.8
Maldah,WestBengal,107.311412073842,286.16778564453125,193.1343365351359,404.0505065917969,0.8492627302805583,1.0365981981158257,31.50495260556539,3.0989967624346417,331.535,462.7,2025,cams_gap_fill,January,2024,69.91273527415011,co,Poor,Very Poor,Good,Good,,,Very Poor,0,Low,0.03,0.29,0.0,0.0,0.97,18.55,18.45,22.0,26.8,73.6,33.19,Medium,2026-07-08T10:43:19.313889+00:00,137.1896184285482,108.25,worsening,2023,2025,2021,2025,83.0,82.1
Malkangiri,Odisha,36.9370674564734,64.61101531982422,56.44208532969157,91.18258666992188,0.3202994172771772,0.3168527568380038,9.92235052982966,2.7410992403825123,201.54,328.81,2025,cams_gap_fill,December,2025,31.284286523128923,co,Satisfactory,Satisfactory,Good,Good,,,Poor,0,Low,0.09,0.16,0.0,21.64,0.89,18.9,12.75,10.1,44.2,71.9,18.59,Low,2026-07-08T10:43:19.313889+00:00,41.01370716094971,20.06,worsening,2023,2025,2021,2025,13.6,12.3
Mamit,Mizoram,56.3083451544635,240.9022674560547,100.85951124827066,630.7185668945312,0.4403502434492111,0.3762127213180065,19.758558130264284,2.205193463961284,264.66016666666667,500.0,2025,cams_gap_fill,March,2021,41.240496518315375,co,Satisfactory,Poor,Good,Good,,,Poor,0,Low,0.0,0.03,0.0,0.0,0.46,17.65,12.4,21.8,75.4,34.9,22.56,Low,2026-07-08T10:43:19.313889+00:00,70.16985289255778,62.62,worsening,2023,2025,2021,2025,52.1,43.2
Mandi,HimachalPradesh,40.65430323638064,75.42842102050781,68.67318058013916,106.47055053710938,0.878741200764974,0.842971443136533,15.181843852996826,2.76968094309171,264.8155,352.61,2025,cams_gap_fill,November,2024,29.51209204376481,co,Satisfactory,Moderate,Good,Good,,,Poor,0,Low,0.06,0.0,0.0,0.0,1.05,22.3,14.25,31.6,16.55,48.9,22.57,Low,2026-07-08T10:43:19.313889+00:00,49.02238485548232,56.48,worsening,2023,2025,2021,2025,21.4,43.3
Mandla,MadhyaPradesh,46.05760752691912,87.64429473876953,68.53775161107382,121.09111785888672,0.4577789353827635,0.4284788397451242,11.47226045926412,3.052758804957072,220.55283333333333,331.63,2025,cams_gap_fill,January,2024,40.4440396375994,co,Satisfactory,Moderate,Good,Good,,,Poor,3,Low,0.02,0.0,0.0,0.0,0.07,27.65,13.25,10.7,43.5,60.6,21.11,Low,2026-07-08T10:43:19.313889+00:00,49.12600723902384,15.73,worsening,2023,2025,2021,2025,29.4,30.5
Mandsaur,MadhyaPradesh,51.98324717045755,85.30345153808594,73.73587112426758,120.32888793945312,0.3541227792700132,0.3532417804002762,10.250504287083944,2.851849387089412,205.36816666666667,343.53,2025,cams_gap_fill,January,2024,48.66584452030975,co,Satisfactory,Moderate,Good,Good,,,Poor,3,Low,0.0,0.0,0.0,0.0,0.0,32.9,10.9,19.2,18.8,56.7,21.54,Low,2026-07-08T10:43:19.313889+00:00,52.942378256056045,1.63,stable,2023,2025,2021,2025,43.3,35.7
Mandya,Karnataka,36.86687998537465,72.86432647705078,63.57131554285685,102.576904296875,0.4898533503214518,0.4128074477116267,10.78794287443161,2.421717756986618,214.46816666666663,311.37,2025,cams_gap_fill,January,2024,27.270829017251728,co,Satisfactory,Moderate,Good,Good,,,Poor,0,Low,0.08,0.02,0.0,13.31,0.4,29.95,17.15,38.7,12.7,47.0,20.69,Low,2026-07-08T10:43:19.313889+00:00,45.03067032496134,81.37,worsening,2023,2025,2021,2025,13.5,26.2
Mansa,Punjab,101.81836149690992,249.67849731445312,179.80082639058432,451.9074401855469,1.1811674962441123,1.2026120553414026,27.88250288963318,2.9600488464037578,334.3111666666667,467.61,2025,cams_gap_fill,November,2021,74.02063812485589,co,Poor,Very Poor,Good,Good,,,Very Poor,4,Low,0.05,0.01,0.01,1.17,0.33,36.2,11.25,32.9,8.65,60.4,33.93,Medium,2026-07-08T10:43:19.313889+00:00,124.79082700941298,77.52,worsening,2023,2025,2021,2025,80.2,86.1
Mathura,UttarPradesh,126.56107009720124,275.1029663085937,213.05774892171223,386.5822448730469,1.3050333559513092,1.7610735098520915,32.953038454055786,2.6999115149180093,346.3131666666667,459.42,2025,cams_gap_fill,January,2024,95.90183124760809,co,Very Poor,Very Poor,Good,Good,,,Very Poor,7,Low,0.0,0.0,0.0,0.0,0.0,23.25,9.05,25.4,26.1,63.0,35.12,Medium,2026-07-08T10:43:19.313889+00:00,151.0348153644138,59.17,worsening,2023,2025,2021,2025,90.2,89.3
Mau,UttarPradesh,138.2757081883093,329.3544311523437,244.0588363647461,462.5134582519531,1.1672057966391245,1.589401306708654,38.216762431462605,3.133211874961853,364.14383333333336,471.11,2025,cams_gap_fill,November,2023,94.11246732477076,co,Very Poor,Very Poor,Good,Good,,,Very Poor,1,Low,0.01,0.0,0.0,0.0,0.03,26.9,12.15,20.2,22.85,44.3,37.29,Medium,2026-07-08T10:43:19.313889+00:00,172.17035749223498,84.01,worsening,2023,2025,2021,2025,94.7,94.4
Mayurbhanj,Odisha,64.80263867395999,158.4825439453125,108.37414754231771,223.9878692626953,0.6818069964647293,1.1757622559865315,18.28720681667328,2.8437495668729147,270.32483333333334,417.26,2025,cams_gap_fill,January,2024,47.14998771518926,co,Moderate,Poor,Good,Good,,,Poor,0,Low,0.12,0.11,0.0,11.52,0.84,27.45,10.55,14.3,48.55,72.2,25.58,Medium,2026-07-08T10:43:19.313889+00:00,79.4887465371026,58.14,worsening,2023,2025,2021,2025,59.9,58.9
Medak,Telangana,49.27223430595593,98.59687042236328,83.71423915227254,139.48338317871094,0.5174438918630282,0.5819893116752307,12.137293489774068,2.9971808473269146,228.52316666666667,335.34,2025,cams_gap_fill,January,2025,34.84952885943968,co,Satisfactory,Moderate,Good,Good,,,Poor,0,Low,0.22,0.28,0.0,22.11,1.49,27.8,16.75,23.3,16.3,54.4,24.0,Low,2026-07-08T10:43:19.313889+00:00,59.86779668596056,70.06,worsening,2023,2025,2021,2025,36.2,52.8
Meerut,UttarPradesh,134.2663089560332,321.51153564453125,249.3033248901367,454.712890625,1.3386145820220312,1.8241236587365468,40.57450550397237,2.946832795937856,381.4523333333333,487.37,2025,cams_gap_fill,January,2024,89.15280479848342,co,Very Poor,Very Poor,Good,Good,,,Very Poor,1,Low,0.01,0.0,0.0,0.0,0.03,23.1,15.2,38.5,13.5,45.5,37.39,Medium,2026-07-08T10:43:19.313889+00:00,175.72414228651257,134.65,worsening,2023,2025,2021,2025,92.5,94.7
Mewat,Haryana,121.37788856905658,275.1029663085937,213.05774892171223,386.5822448730469,1.3050333559513092,1.7610735098520915,32.953038454055786,2.6999115149180093,345.7665,459.42,2025,cams_gap_fill,January,2024,85.56617593686762,co,Very Poor,Very Poor,Good,Good,,,Very Poor,8,Low,0.03,0.01,0.0,0.41,0.27,17.35,6.95,14.9,20.6,60.6,33.84,Medium,2026-07-08T10:43:19.313889+00:00,151.0348153644138,81.37,worsening,2023,2025,2021,2025,88.3,85.7
Mirzapur,UttarPradesh,89.6965970507578,210.25030517578125,152.78322722117107,297.30859375,1.0998996098836262,1.4677061383922896,25.39914960861206,2.727391306559245,317.0133333333333,440.96,2025,cams_gap_fill,January,2024,65.32718201335099,co,Moderate,Very Poor,Good,Good,,,Very Poor,2,Low,0.01,0.0,0.0,0.0,0.03,25.35,10.35,22.3,23.8,42.1,29.23,Medium,2026-07-08T10:43:19.313889+00:00,109.37181705898708,67.33,worsening,2023,2025,2021,2025,74.9,73.9
Moga,Punjab,104.07089601834907,269.0248107910156,186.8864938100179,526.7850952148438,1.28126363158226,1.4070469319820404,29.592555220921835,2.9812347412109377,338.8403333333333,487.7,2025,cams_gap_fill,November,2021,74.02838388787262,co,Poor,Very Poor,Good,Good,,,Very Poor,0,Low,0.05,0.01,0.01,1.17,0.33,33.25,13.85,33.1,8.6,54.4,33.67,Medium,2026-07-08T10:43:19.313889+00:00,128.75710593329535,79.4,worsening,2023,2025,2021,2025,81.5,84.5
Mokokchung,Nagaland,40.15967302632206,157.76840209960938,75.56727835337321,328.32391357421875,0.4265293642878532,0.3570617732902368,16.03022632598877,2.3121213455994925,251.173,438.65,2025,cams_gap_fill,March,2022,30.1986040739386,co,Satisfactory,Moderate,Good,Good,,,Poor,0,Low,0.3,0.0,0.0,1.42,0.92,26.05,9.35,15.2,37.6,25.0,21.58,Low,2026-07-08T10:43:19.313889+00:00,49.54768270916409,59.86,worsening,2023,2025,2021,2025,20.9,36.2
Mon,Nagaland,43.73982952983956,172.604736328125,86.55520207087199,370.119140625,0.461610110104084,0.5391865362723668,17.092165358861287,2.0765407105286915,266.7176666666667,436.09,2025,cams_gap_fill,January,2022,29.40262547679183,co,Satisfactory,Moderate,Good,Good,,,Poor,0,Low,0.02,0.0,0.0,1.42,0.07,28.05,11.0,9.4,29.65,30.2,21.9,Low,2026-07-08T10:43:19.313889+00:00,56.56811115476821,89.91,worsening,2023,2025,2021,2025,25.9,38.8
Moradabad,UttarPradesh,103.10648029131768,241.18972778320312,182.40317446390787,340.85894775390625,1.039174708724022,1.2312801336248715,30.518384965260825,2.947049097220103,349.03333333333336,459.17,2025,cams_gap_fill,January,2024,72.27089140948378,co,Poor,Very Poor,Good,Good,,,Very Poor,1,Low,0.05,0.0,0.0,0.0,0.24,23.45,11.2,17.0,18.1,44.9,32.11,Medium,2026-07-08T10:43:19.313889+00:00,128.5489214791192,92.82,worsening,2023,2025,2021,2025,80.8,80.8
Morbi,Gujarat,48.49280941476793,119.96760559082033,73.90936012268067,165.5985107421875,0.738324111700058,1.6017214039961496,8.823490564028422,2.329121466477712,187.833,319.76,2025,cams_gap_fill,December,2025,42.53023005101906,co,Satisfactory,Moderate,Good,Good,,,Moderate,0,Low,0.17,0.09,0.01,27.94,0.89,16.75,18.25,24.6,31.0,50.7,19.95,Low,2026-07-08T10:43:19.313889+00:00,51.97411410013834,22.45,worsening,2023,2025,2021,2025,34.5,19.8
Morena,MadhyaPradesh,85.35074591212403,172.11679077148438,129.54347807566324,243.3144989013672,0.7856343974669774,0.7933627553284168,21.210501352945965,2.771741076310476,292.3213333333333,431.29,2025,cams_gap_fill,January,2024,75.82475988201652,co,Moderate,Very Poor,Good,Good,,,Poor,11,Moderate,0.0,0.0,0.0,0.0,0.0,17.0,14.25,20.2,22.1,67.5,28.5,Medium,2026-07-08T10:43:19.313889+00:00,93.1180591583252,19.35,worsening,2023,2025,2021,2025,72.9,71.3
Morigaon,Assam,65.08593295310942,145.9134521484375,119.59863872528076,207.54656982421875,0.6615934565663337,0.6407478486498197,21.003778465588887,2.4645201325416566,304.91200000000003,401.97,2025,cams_gap_fill,January,2021,42.725230920154345,co,Moderate,Poor,Good,Good,,,Very Poor,0,Low,0.35,0.07,0.0,5.05,1.28,20.3,12.25,14.2,43.4,64.2,26.84,Medium,2026-07-08T10:43:19.313889+00:00,86.14336554209392,105.05,worsening,2023,2025,2021,2025,60.4,64.9
Muktsar,Punjab,94.38108805049266,212.5372467041016,161.72212295532228,337.8783569335937,1.025604968269666,0.7819773808121682,23.086669913927715,2.95147864818573,310.88466666666665,440.43,2025,cams_gap_fill,November,2021,69.43405693583256,co,Poor,Very Poor,Good,Good,,,Very Poor,10,Low,0.05,0.01,0.01,1.17,0.33,28.2,13.05,30.8,10.6,61.0,32.16,Medium,2026-07-08T10:43:19.313889+00:00,113.10547161102296,63.5,worsening,2023,2025,2021,2025,76.5,80.9
MumbaiCity,Maharashtra,107.15450854719732,311.7831726074219,209.9289153416952,441.95697021484375,0.9677221936484178,1.1494235056142013,30.934824474652608,3.520457156499227,305.5316666666667,459.31,2025,cams_gap_fill,January,2025,55.27683816803584,co,Poor,Very Poor,Good,Good,,,Very Poor,0,Low,0.27,0.04,0.0,29.03,1.47,22.15,17.85,25.0,12.8,45.9,33.33,Medium,2026-07-08T10:43:19.313889+00:00,149.23295455508762,225.72,worsening,2023,2025,2021,2025,82.7,82.5
MumbaiSuburban,Maharashtra,129.4597609708538,371.8236083984375,261.0101669311524,527.6359252929688,1.3920216366648674,1.7260883728663126,35.30224381287893,2.8268215974171955,333.0675,466.39,2025,cams_gap_fill,January,2025,59.07969498007692,co,Very Poor,Severe,Good,Good,,,Very Poor,0,Low,0.22,0.04,0.0,29.03,2.44,27.3,20.35,40.4,12.95,50.0,39.73,Medium,2026-07-08T10:43:19.313889+00:00,186.9360439512465,321.68,worsening,2023,2025,2021,2025,91.3,97.9
Mungeli,Chhattisgarh,56.07945326394347,88.39940643310547,71.73927942911784,122.66856384277344,0.7330014631152153,0.7059975201884906,12.297089672088624,2.6908748944600425,230.0328333333333,341.3,2025,cams_gap_fill,January,2024,53.32185792106566,co,Satisfactory,Moderate,Good,Good,,,Poor,9,Low,0.04,0.01,0.0,16.12,0.17,27.7,11.65,17.5,25.65,54.5,23.62,Low,2026-07-08T10:43:19.313889+00:00,52.131274435255264,-17.4,improving,2023,2025,2021,2025,51.2,50.6
Munger,Bihar,134.15169303795432,343.78173828125,257.99241027832034,521.6695556640625,1.202830477555593,1.7650539249181747,41.30949672063192,3.168636910120646,367.174,490.53,2025,cams_gap_fill,January,2021,78.52242924849051,co,Very Poor,Severe,Good,Good,,,Very Poor,0,Low,0.11,0.06,0.02,7.9,0.86,17.2,20.65,20.9,21.7,71.4,37.81,Medium,2026-07-08T10:43:19.313889+00:00,180.7256087197198,174.24,worsening,2023,2025,2021,2025,92.3,95.6
Murshidabad,WestBengal,105.76604372098946,275.3902893066406,189.53913014729807,388.60455322265625,1.2143098652362825,1.7899980197350185,28.420030864079795,2.674603714545568,321.6491666666667,448.35,2025,cams_gap_fill,January,2024,66.87432594653457,co,Poor,Very Poor,Good,Good,,,Very Poor,0,Low,0.03,0.0,0.0,0.0,0.1,17.5,18.95,25.2,24.4,77.6,31.24,Medium,2026-07-08T10:43:19.313889+00:00,137.09755855136447,115.32,worsening,2023,2025,2021,2025,82.5,78.6
Muzaffarnagar,UttarPradesh,132.61141062811566,321.51153564453125,249.3033248901367,454.712890625,1.3386145820220312,1.8241236587365468,40.57450550397237,2.946832795937856,381.4523333333333,487.37,2025,cams_gap_fill,January,2024,84.90488129068306,co,Very Poor,Very Poor,Good,Good,,,Very Poor,1,Low,0.02,0.0,0.0,0.0,0.52,22.9,12.9,28.1,17.7,46.0,37.56,Medium,2026-07-08T10:43:19.313889+00:00,175.72414228651257,153.16,worsening,2023,2025,2021,2025,91.6,95.1
Muzaffarpur,Bihar,147.47857063791255,339.1656188964844,273.7583886464437,520.2528076171875,1.1612134327491124,1.820961653192838,43.366047922770186,3.043445547421773,378.8371666666666,500.0,2025,cams_gap_fill,February,2021,97.549285281723,co,Very Poor,Severe,Good,Good,,,Very Poor,0,Low,0.18,0.16,0.02,8.66,1.3,21.05,14.4,16.5,29.35,58.9,40.18,Medium,2026-07-08T10:43:19.313889+00:00,189.4792044957479,116.16,worsening,2023,2025,2021,2025,97.8,98.4
Mysore,Karnataka,44.3678493094581,94.35716247558594,85.51210931142171,132.90309143066406,0.6253888001044591,0.59089049299558,14.338991530736289,2.273355414470037,249.765,346.6,2025,cams_gap_fill,January,2022,24.48067665957128,co,Satisfactory,Moderate,Good,Good,,,Poor,0,Low,0.1,0.02,0.0,13.31,0.46,26.45,13.9,36.4,14.7,48.0,22.09,Low,2026-07-08T10:43:19.313889+00:00,60.82243776321411,195.55,worsening,2023,2025,2021,2025,26.9,40.6
Nabarangapur,Odisha,43.27920404434761,75.35368347167969,63.19855209986369,111.8822784423828,0.4076060108840466,0.3767138271282116,10.88923365275065,3.0552218755086265,213.988,324.83,2025,cams_gap_fill,December,2025,39.7380439728405,co,Satisfactory,Moderate,Good,Good,,,Poor,0,Low,0.09,0.14,0.0,21.64,0.84,21.7,8.7,8.1,47.8,69.3,19.59,Low,2026-07-08T10:43:19.313889+00:00,45.96120558844672,8.25,stable,2023,2025,2021,2025,25.1,17.9
Nadia,WestBengal,148.46399996836206,405.8462524414063,287.3724789937337,575.378662109375,1.4090225577354432,2.582607993483544,43.63859667778015,2.5139335811138155,366.2305,499.75,2025,cams_gap_fill,December,2022,77.85276927395779,co,Very Poor,Severe,Good,Good,,,Very Poor,0,Low,0.06,0.02,0.0,0.0,0.27,18.6,20.6,28.6,27.25,73.4,38.82,Medium,2026-07-08T10:43:19.313889+00:00,207.02413951026068,211.85,worsening,2023,2025,2021,2025,97.9,96.9
Nagaon,Assam,66.51655886617893,208.76934814453125,128.0209904352824,306.7123107910156,0.6668759390711785,0.682586720585823,25.218104751904807,2.160387839873632,320.71933333333334,434.68,2025,cams_gap_fill,April,2021,38.36552700728271,co,Moderate,Very Poor,Good,Good,,,Very Poor,0,Low,0.37,0.07,0.0,5.05,1.32,16.7,18.65,13.2,33.6,61.0,28.13,Medium,2026-07-08T10:43:19.313889+00:00,91.76833724975586,166.86,worsening,2023,2025,2021,2025,62.1,70.9
Nagappattinam,TamilNadu,29.561580786016467,55.6923942565918,47.25469214121501,79.1462173461914,0.2494082522888978,0.3113576292991638,7.179600993792216,3.006410034497579,165.81883333333332,277.89,2025,cams_gap_fill,December,2025,26.69761312468849,co,Good,Satisfactory,Good,Good,,,Moderate,0,Low,0.1,0.02,0.01,42.44,0.43,,,,,,16.09,Low,2026-07-08T10:43:19.313889+00:00,32.847337351904976,39.17,worsening,2023,2025,2021,2025,7.1,5.6
Nagaur,Rajasthan,60.349853068886055,106.68743133544922,90.27672106424968,156.68264770507812,0.4661746596296628,0.3915295369923114,11.37736049493154,2.6294484555721285,216.7853333333333,372.26,2025,cams_gap_fill,January,2024,58.97466356845308,co,Moderate,Poor,Good,Good,,,Poor,4,Low,0.05,0.03,0.0,4.32,0.46,16.55,7.4,13.0,24.95,45.3,20.89,Low,2026-07-08T10:43:19.313889+00:00,62.705465952555336,4.0,stable,2023,2025,2021,2025,56.1,28.2
Nagpur,Maharashtra,60.57043958875279,118.9591064453125,97.29078483581544,165.39784240722656,0.7458482518792152,1.1135959734519325,14.836108056704203,2.713907937208812,252.83316666666667,362.8,2025,cams_gap_fill,January,2024,46.58029586487269,co,Moderate,Poor,Good,Good,,,Poor,21,High,0.07,0.04,0.0,12.65,0.49,19.8,11.75,13.4,22.6,53.6,26.39,Medium,2026-07-08T10:43:19.313889+00:00,69.28209082285564,40.13,worsening,2023,2025,2021,2025,56.8,63.0
Nainital,Uttarakhand,70.48611837795983,159.71990966796875,128.60114917755126,225.4771728515625,0.798280730843544,0.718739942709605,23.874269930521645,2.5862090865770977,319.672,432.6,2025,cams_gap_fill,January,2024,44.47416161036916,co,Moderate,Very Poor,Good,Good,,,Very Poor,0,Low,0.42,0.0,0.0,4.38,1.82,27.2,13.05,33.3,20.0,34.5,30.05,Medium,2026-07-08T10:43:19.313889+00:00,90.3431765238444,99.47,worsening,2023,2025,2021,2025,66.0,76.2
Nalanda,Bihar,152.16625474053362,380.8497009277344,295.84179712931314,588.7978515625,1.351729025443395,2.0423042128483453,46.7197065671285,3.05508025487264,384.3875,500.0,2025,cams_gap_fill,January,2021,87.47039386741878,co,Very Poor,Severe,Good,Good,,,Very Poor,1,Low,0.11,0.1,0.02,7.9,0.97,13.7,12.35,16.0,26.3,71.0,39.23,Medium,2026-07-08T10:43:19.313889+00:00,206.1644719441732,179.07,worsening,2023,2025,2021,2025,98.2,97.5
Nalbari,Assam,67.94714470721584,154.01882934570312,126.76945711771648,217.0325622558593,0.6496380145351092,0.6717688366770744,21.683539573351545,2.622321502367656,307.27466666666663,411.08,2025,cams_gap_fill,January,2021,42.91860414550924,co,Moderate,Very Poor,Good,Good,,,Very Poor,0,Low,0.32,0.07,0.0,5.05,1.2,23.7,19.15,21.8,26.85,66.4,28.7,Medium,2026-07-08T10:43:19.313889+00:00,91.51417435540094,129.86,worsening,2023,2025,2021,2025,63.6,72.2
Nalgonda,Telangana,47.27345375988339,107.34521484375,81.42464033762614,151.63442993164062,0.6684908976157506,0.7756572167078654,11.622312974929809,2.788904561599096,222.25216666666665,350.54,2025,cams_gap_fill,December,2025,34.303286229524126,co,Satisfactory,Moderate,Good,Good,,,Poor,3,Low,0.26,0.34,0.0,22.82,1.75,22.65,15.4,28.5,14.15,54.3,23.43,Low,2026-07-08T10:43:19.313889+00:00,57.60896348953247,76.11,worsening,2023,2025,2021,2025,31.5,48.7
Namakkal,TamilNadu,49.29543242828088,100.24098205566406,88.44565035502116,144.18284606933594,0.7115278641382853,0.9158326437075932,13.81759401957194,2.3291312237580617,244.5135,353.29,2025,cams_gap_fill,December,2025,32.034327597766776,co,Satisfactory,Moderate,Good,Good,,,Poor,0,Low,0.01,0.0,0.0,0.0,0.03,28.55,21.85,43.2,13.2,51.9,23.34,Low,2026-07-08T10:43:19.313889+00:00,63.080725034077965,124.15,worsening,2023,2025,2021,2025,36.4,47.6
Namsai,ArunachalPradesh,24.614880076188307,73.50733947753906,43.2327784538269,231.99038696289065,0.2536454195777575,0.2275169154008229,10.674283496538798,1.9752493262290955,207.0641666666667,419.57,2025,cams_gap_fill,March,2021,18.25106104943266,co,Good,Satisfactory,Good,Good,,,Poor,0,Low,0.04,0.0,0.0,0.0,0.14,27.6,10.6,18.0,47.05,58.6,17.19,Low,2026-07-08T10:43:19.313889+00:00,29.450098938412136,38.77,worsening,2023,2025,2021,2025,5.8,7.1
Nanded,Maharashtra,49.10084218188614,95.85749053955078,79.26022799809773,132.69058227539062,0.4214824606974919,0.4740893892943859,11.094846320152282,2.937904409567515,216.74383333333333,335.57,2025,cams_gap_fill,December,2025,37.78395505061697,co,Satisfactory,Moderate,Good,Good,,,Poor,10,Low,0.05,0.06,0.0,12.65,0.49,17.0,10.6,19.2,21.2,57.3,21.12,Low,2026-07-08T10:43:19.313889+00:00,56.65086279975044,43.89,worsening,2023,2025,2021,2025,35.7,30.6
Nandurbar,Maharashtra,53.302212228754726,99.07730865478516,84.80357405344645,139.741943359375,0.4928145095705986,0.5695438243448734,12.74369126955668,2.5870625634988147,229.9893333333333,357.3,2025,cams_gap_fill,January,2021,40.61766309648797,co,Satisfactory,Moderate,Good,Good,,,Poor,0,Low,0.05,0.04,0.0,12.65,0.43,24.05,10.45,12.9,34.65,64.2,21.44,Low,2026-07-08T10:43:19.313889+00:00,60.136544386545815,34.99,worsening,2023,2025,2021,2025,46.7,34.5
Narayanpur,Chhattisgarh,37.0352712711708,56.944297790527344,52.3826086362203,86.64879608154297,0.2352602064609527,0.242585910608371,9.07845774491628,3.019544239838918,191.0243333333333,289.82,2025,cams_gap_fill,December,2025,35.174996857325354,co,Satisfactory,Satisfactory,Good,Good,,,Moderate,0,Low,0.01,0.01,0.0,16.12,0.07,19.95,7.9,5.7,42.0,72.0,16.38,Low,2026-07-08T10:43:19.313889+00:00,37.89308351940579,0.53,stable,2023,2025,2021,2025,13.9,6.2
Narmada,Gujarat,60.403811853241535,122.53508758544922,104.43440812428793,182.50653076171875,0.5794135647515456,0.8354232872525851,15.051994117101032,2.624044636885325,247.2338333333333,393.14,2025,cams_gap_fill,January,2021,40.8054613530764,co,Moderate,Poor,Good,Good,,,Poor,0,Low,0.15,0.09,0.0,24.94,0.81,20.0,11.95,11.1,31.7,75.9,23.17,Low,2026-07-08T10:43:19.313889+00:00,73.68427218331232,72.78,worsening,2023,2025,2021,2025,56.4,46.7
Narsimhapur,MadhyaPradesh,50.59941753268382,93.22369384765624,75.95395250320435,131.66893005371094,0.4049885960916678,0.4004098979135354,12.342597301801046,2.7077450434366863,228.76766666666663,357.29,2025,cams_gap_fill,January,2024,42.93482762271434,co,Satisfactory,Moderate,Good,Good,,,Poor,7,Low,0.04,0.0,0.0,0.0,0.14,23.8,11.7,20.1,41.2,46.9,21.94,Low,2026-07-08T10:43:19.313889+00:00,54.6563834614224,21.75,worsening,2023,2025,2021,2025,40.2,39.2
Nashik,Maharashtra,49.576239454949295,102.01981353759766,81.44631563822428,146.28463745117188,0.5625039719045162,0.6775241027275721,11.983527477582296,2.5615421096483866,223.12133333333333,352.05,2025,cams_gap_fill,January,2021,37.32042020569215,co,Satisfactory,Moderate,Good,Good,,,Poor,0,Low,0.14,0.04,0.0,12.65,0.7,24.3,11.15,21.7,25.2,56.2,21.27,Low,2026-07-08T10:43:19.313889+00:00,57.24778408474393,47.11,worsening,2023,2025,2021,2025,37.0,32.8
Navsari,Gujarat,59.24147763214593,144.44827270507812,103.03458766937256,201.85601806640625,0.4687021464109421,0.785261245071888,14.035672012964884,2.891085370381673,236.37316666666663,385.72,2025,cams_gap_fill,January,2021,41.12855758877042,co,Satisfactory,Poor,Good,Good,,,Poor,0,Low,0.28,0.09,0.01,27.94,1.18,22.9,16.05,18.7,19.1,68.7,24.2,Low,2026-07-08T10:43:19.313889+00:00,72.84915341271295,80.85,worsening,2023,2025,2021,2025,55.3,53.4
Nawada,Bihar,102.73798178507852,269.9499816894531,185.1364586512248,381.5019836425781,1.1545937448740005,1.5908425241708757,29.14863216082255,2.9376306891441346,330.70416666666665,458.75,2025,cams_gap_fill,January,2024,68.64504944892622,co,Poor,Very Poor,Good,Good,,,Very Poor,0,Low,0.08,0.06,0.02,7.9,0.95,16.5,10.55,15.7,25.4,70.4,31.1,Medium,2026-07-08T10:43:19.313889+00:00,131.21626620822482,116.97,worsening,2023,2025,2021,2025,80.5,78.3
Nayagarh,Odisha,51.38752533539162,123.8346939086914,86.26600017547608,174.79833984375,0.6475819945335388,0.9135316784183184,14.41371042728424,3.096858278910319,244.44333333333333,403.62,2025,cams_gap_fill,December,2025,37.874373591356935,co,Satisfactory,Moderate,Good,Good,,,Poor,0,Low,0.14,0.12,0.0,21.64,0.92,20.4,22.35,30.3,35.6,62.5,23.77,Low,2026-07-08T10:43:19.313889+00:00,62.97069072723389,67.64,worsening,2023,2025,2021,2025,41.7,51.6
Neemuch,MadhyaPradesh,50.93968374604464,90.98568725585938,75.33208815256755,128.07765197753906,0.5162837659319242,0.4796131119132042,10.94703642129898,2.630880822738012,212.84833333333333,351.9,2025,cams_gap_fill,January,2024,46.33501509713647,co,Satisfactory,Moderate,Good,Good,,,Poor,1,Low,0.0,0.0,0.0,0.0,0.0,27.25,9.9,20.1,17.05,50.3,20.39,Low,2026-07-08T10:43:19.313889+00:00,53.64060200585259,11.9,worsening,2023,2025,2021,2025,40.8,23.5
Nellore,AndhraPradesh,35.03676927429561,79.66070556640625,58.39532788594564,112.6874771118164,0.3987231567502022,0.2822777412831783,9.502180445194243,2.535536766052246,196.5185,325.56,2025,cams_gap_fill,December,2025,27.92554030275794,co,Satisfactory,Satisfactory,Good,Good,,,Moderate,0,Low,0.15,0.1,0.01,42.44,0.81,,,,,,18.55,Low,2026-07-08T10:43:19.313889+00:00,41.1793761783176,61.83,worsening,2023,2025,2021,2025,11.8,11.8
NicobarIslands,AndamanandNicobar,10.797355775516843,17.886079788208008,15.288695693016052,25.33725357055664,0.0103101401861446,0.0149155988901232,3.1847389856974284,2.464208217461904,113.0285,157.21,2025,cams_gap_fill,January,2023,13.19875436771447,co,Good,Good,Good,Good,,,Moderate,0,Low,,,,,,,,,,,11.07,Low,2026-07-08T10:43:19.313889+00:00,10.590978542963663,-4.58,stable,2023,2025,2021,2025,1.2,0.3
Nizamabad,Telangana,49.49405634021442,98.0420913696289,82.37858845392863,136.0184326171875,0.5170461490750313,0.5629672206938267,12.22509870926539,2.973087966442108,228.11966666666663,352.54,2025,cams_gap_fill,December,2025,35.70296224366032,co,Satisfactory,Moderate,Good,Good,,,Poor,1,Low,0.22,0.3,0.0,22.11,1.58,29.15,14.55,27.5,14.6,57.0,24.18,Low,2026-07-08T10:43:19.313889+00:00,58.988991525438095,59.62,worsening,2023,2025,2021,2025,36.8,53.2
North24Parganas,WestBengal,164.85614768529342,490.1981506347656,332.8627451578776,722.889404296875,1.4798089732726416,3.0276559432347616,51.54187164306641,2.497923896710078,373.0405,500.0,2025,cams_gap_fill,January,2021,77.78699003038417,co,Very Poor,Severe,Good,Good,,,Very Poor,0,Low,,,,,,,,,,,40.03,Medium,2026-07-08T10:43:19.313889+00:00,239.0584452946981,299.93,worsening,2023,2025,2021,2025,98.8,98.2
NorthGaroHills,Meghalaya,65.07519916603158,155.64523315429688,120.85604248046874,218.81460571289065,0.5708918705582618,0.5689476703604063,21.702214161554974,2.492003663380941,299.3065,418.39,2025,cams_gap_fill,January,2021,39.18113417044556,co,Moderate,Very Poor,Good,Good,,,Poor,0,Low,,,,,,22.7,15.45,11.1,28.95,58.4,25.53,Medium,2026-07-08T10:43:19.313889+00:00,87.36929543813069,127.61,worsening,2023,2025,2021,2025,60.2,58.7
NorthGoa,Goa,43.07263445756018,80.75123596191406,67.14894014994303,113.7849349975586,0.4082974462459485,0.4326373975723981,10.634169419606527,2.955462501446406,210.18383333333333,325.89,2025,cams_gap_fill,January,2023,34.59428317775914,co,Satisfactory,Moderate,Good,Good,,,Poor,0,Low,,,,,,27.8,22.75,37.2,10.95,40.0,21.18,Low,2026-07-08T10:43:19.313889+00:00,47.02459663814969,19.52,worsening,2023,2025,2021,2025,25.0,31.3
NorthSikkim,Sikkim,17.95457043083699,30.7264236737059,14.44409903685252,34.993988037109375,0.1186921192953983,0.044769778009504,9.0957044283549,3.862335439523061,191.406,303.02,2025,cams_gap_fill,January,2021,27.721283345348176,co,Good,Good,Good,Good,,,Moderate,0,Low,,,,,,,,,,,15.07,Low,2026-07-08T10:43:19.313889+00:00,10.86211535665724,-66.6,improving,2023,2025,2021,2025,3.6,4.6
NorthTripura,Tripura,58.68647016526903,240.9022674560547,100.85951124827066,630.7185668945312,0.4403502434492111,0.3762127213180065,19.758558130264284,2.205193463961284,264.66016666666667,500.0,2025,cams_gap_fill,March,2021,44.76342682283987,co,Satisfactory,Poor,Good,Good,,,Poor,0,Low,,,,,,19.05,20.6,16.8,58.25,69.3,23.6,Low,2026-07-08T10:43:19.313889+00:00,70.16985289255778,40.27,worsening,2023,2025,2021,2025,54.3,50.1
NorthandMiddleAndaman,AndamanandNicobar,16.768835348697078,28.41469955444336,20.38356197675069,39.57257461547852,0.0046491338949029,0.0199677110339203,4.122087291876475,2.84285368124644,126.55783333333332,178.74,2025,cams_gap_fill,February,2021,22.368692457040098,co,Good,Good,Good,Good,,,Moderate,0,Low,,,,,,,,,,,12.32,Low,2026-07-08T10:43:19.313889+00:00,14.518289632267422,-31.33,improving,2023,2025,2021,2025,3.3,0.7
Nuapada,Odisha,48.425211706909536,88.79800415039062,69.40703913370768,125.0656967163086,0.4596650702257951,0.3832282116015752,11.752250250180564,3.027953956524532,223.2995,344.66,2025,cams_gap_fill,December,2025,44.47293623593198,co,Satisfactory,Moderate,Good,Good,,,Poor,5,Low,0.11,0.12,0.0,21.64,0.84,22.5,11.4,11.9,36.15,64.0,21.94,Low,2026-07-08T10:43:19.313889+00:00,50.83382908503214,7.72,stable,2023,2025,2021,2025,34.3,39.2
Osmanabad,Maharashtra,45.92587115273018,95.31383514404295,74.13941354751587,131.99948120117188,0.3901429491738478,0.4444834567606449,10.113965380191804,2.934654935201009,205.37366666666668,311.46,2025,cams_gap_fill,December,2021,34.881441694596745,co,Satisfactory,Moderate,Good,Good,,,Poor,0,Low,0.05,0.06,0.0,12.65,0.49,24.85,10.35,25.1,26.1,49.1,19.76,Low,2026-07-08T10:43:19.313889+00:00,52.52761936187744,38.47,worsening,2023,2025,2021,2025,29.1,19.1
Pakur,Jharkhand,94.63978819149152,258.7919006347656,173.25172201792398,365.3977661132813,0.8982849111159642,1.104693640768528,27.605714440345764,3.1036375045776365,318.1538333333333,452.55,2025,cams_gap_fill,January,2024,60.5643477725233,co,Poor,Very Poor,Good,Good,,,Very Poor,0,Low,0.02,0.03,0.0,1.42,0.2,18.65,16.5,8.0,28.3,79.7,29.7,Medium,2026-07-08T10:43:19.313889+00:00,123.01600646972656,119.67,worsening,2023,2025,2021,2025,76.6,75.3
Palakkad,Kerala,52.10499944217502,120.1724853515625,106.53599561055502,171.2812042236328,0.6439530571301778,0.7088787972927093,16.911302916208903,2.317128495375316,269.7625,383.54,2025,cams_gap_fill,December,2025,23.495437306215944,co,Satisfactory,Poor,Good,Good,,,Poor,0,Low,0.12,0.0,0.0,6.83,0.46,33.85,25.45,32.9,13.8,49.6,26.66,Medium,2026-07-08T10:43:19.313889+00:00,75.64596483442519,346.18,worsening,2023,2025,2021,2025,43.9,64.2
Palamu,Jharkhand,60.640068585760666,130.11053466796875,94.74812304178872,183.67323303222656,0.6721294179558754,0.5039036927123864,16.714004898071288,2.817477814356486,265.97366666666665,413.51,2025,cams_gap_fill,January,2024,47.72979815107469,co,Moderate,Poor,Good,Good,,,Poor,1,Low,0.02,0.03,0.0,1.42,0.2,21.3,11.25,10.8,27.45,61.0,23.3,Low,2026-07-08T10:43:19.313889+00:00,68.91122796800401,41.58,worsening,2023,2025,2021,2025,57.0,47.3
Palghar,Maharashtra,126.48310997864664,371.8236083984375,261.0101669311524,527.6359252929688,1.3920216366648674,1.7260883728663126,35.30224381287893,2.8268215974171955,333.0675,466.39,2025,cams_gap_fill,January,2025,53.7663231392546,co,Very Poor,Severe,Good,Good,,,Very Poor,0,Low,0.24,0.04,0.0,29.03,0.97,22.9,12.55,17.0,17.25,56.9,35.34,Medium,2026-07-08T10:43:19.313889+00:00,186.9360439512465,412.95,worsening,2023,2025,2021,2025,90.1,89.8
Pali,Rajasthan,55.26194937762227,98.24598693847656,78.4565237045288,137.82958984375,0.4710455606381098,0.3660863451659679,10.881122803688047,2.3418105920155843,209.7975,353.62,2025,cams_gap_fill,January,2024,57.012608629023205,co,Satisfactory,Moderate,Good,Good,,,Poor,1,Low,0.05,0.08,0.0,4.32,0.61,14.75,11.65,8.1,22.35,58.8,20.09,Low,2026-07-08T10:43:19.313889+00:00,55.21538231107924,2.42,stable,2023,2025,2021,2025,50.0,21.7
Palwal,Haryana,123.68791689614524,275.1029663085937,213.05774892171223,386.5822448730469,1.3050333559513092,1.7610735098520915,32.953038454055786,2.6999115149180093,345.89933333333335,459.42,2025,cams_gap_fill,January,2024,92.46935545425802,co,Very Poor,Very Poor,Good,Good,,,Very Poor,5,Low,0.03,0.01,0.0,0.41,0.27,22.55,9.85,27.4,18.95,57.2,34.84,Medium,2026-07-08T10:43:19.313889+00:00,151.0348153644138,71.43,worsening,2023,2025,2021,2025,89.3,88.9
PanchMahals,Gujarat,65.3849966901138,130.73013305664062,113.40025418599448,189.2753753662109,0.6611927901705106,0.9091574067870776,16.027400652567547,2.533280817667644,256.90366666666665,394.99,2025,cams_gap_fill,January,2021,44.57912701863835,co,Moderate,Poor,Good,Good,,,Poor,0,Low,,,,,,,,,,,23.41,Low,2026-07-08T10:43:19.313889+00:00,80.77048937479655,84.49,worsening,2023,2025,2021,2025,60.8,48.1
Panchkula,Haryana,72.54073730212606,149.26254272460938,129.4560857772827,210.95753479003903,1.1190614581108094,1.509260465701421,24.205374749501548,2.774072035153707,328.4668333333333,419.17,2025,cams_gap_fill,January,2024,47.72474607639275,co,Moderate,Very Poor,Good,Good,,,Very Poor,0,Low,0.03,0.01,0.0,0.41,0.27,25.25,17.75,39.9,10.2,57.1,28.75,Medium,2026-07-08T10:43:19.313889+00:00,91.86425060696072,104.88,worsening,2023,2025,2021,2025,67.5,72.3
Panipat,Haryana,167.92697827121668,406.4806213378906,326.6742177327474,573.9354248046875,1.8388647476832072,3.702959922949473,49.2605460802714,2.6526413917541505,409.1148333333333,497.91,2025,cams_gap_fill,December,2021,101.07410384090142,co,Very Poor,Severe,Good,Good,,,Severe,1,Low,0.03,0.01,0.0,0.41,0.27,23.6,13.0,37.8,15.95,66.9,42.67,Medium,2026-07-08T10:43:19.313889+00:00,228.6389696333144,192.95,worsening,2023,2025,2021,2025,99.1,99.1
Panna,MadhyaPradesh,57.173477222645175,132.25283813476562,94.78176091512044,186.76486206054688,0.6107186237970988,0.5101422178248565,15.938106314341228,2.808317410945892,259.02616666666665,407.64,2025,cams_gap_fill,January,2024,43.36631807185108,co,Satisfactory,Poor,Good,Good,,,Poor,7,Low,0.05,0.0,0.0,0.0,0.17,15.25,10.55,15.7,34.55,59.0,22.54,Low,2026-07-08T10:43:19.313889+00:00,68.71496756871541,65.15,worsening,2023,2025,2021,2025,53.0,42.8
PapumPare,ArunachalPradesh,38.40677007464687,89.28202819824219,74.85072453816731,144.14056396484375,0.4115533575415611,0.3375805757939815,15.867291267712911,2.083564227819443,263.3656666666667,369.22,2025,cams_gap_fill,January,2025,21.021483219484075,co,Satisfactory,Moderate,Good,Good,,,Poor,0,Low,,,,,,26.65,11.15,31.1,29.9,38.4,20.83,Low,2026-07-08T10:43:19.313889+00:00,54.22831683688693,216.65,worsening,2023,2025,2021,2025,15.5,27.2
Parbhani,Maharashtra,50.009813658676585,97.36711883544922,78.94028739929199,137.47317504882812,0.400416812300682,0.4326031620303789,11.084722729523977,2.770085167884827,216.147,332.64,2025,cams_gap_fill,December,2025,38.68441018478471,co,Satisfactory,Moderate,Good,Good,,,Poor,5,Low,0.05,0.06,0.0,12.65,0.49,21.3,12.5,23.7,22.35,58.8,21.31,Low,2026-07-08T10:43:19.313889+00:00,56.42034143871732,37.07,worsening,2023,2025,2021,2025,38.2,33.1
PashchimChamparan,Bihar,120.1924882605498,274.4319763183594,217.1542358398437,408.9503479003906,0.9240722760558128,1.125078472495079,36.90917596817017,2.9466791987419128,358.085,464.76,2025,cams_gap_fill,February,2021,81.50931777533172,co,Very Poor,Very Poor,Good,Good,,,Very Poor,0,Low,,,,,,20.35,11.35,20.6,27.0,50.6,33.55,Medium,2026-07-08T10:43:19.313889+00:00,153.0395047929552,99.73,worsening,2023,2025,2021,2025,87.9,83.7
PashchimMedinipur,WestBengal,86.7769116872161,236.7620849609375,150.97390467325846,334.2359924316406,0.918634058535099,1.2539222295085588,24.2475176970164,2.764505306879679,297.3908333333333,441.66,2025,cams_gap_fill,January,2024,58.27837729987171,co,Moderate,Very Poor,Good,Good,,,Poor,0,Low,,,,,,,,,,,27.6,Medium,2026-07-08T10:43:19.313889+00:00,109.98542457156712,78.24,worsening,2023,2025,2021,2025,73.4,68.2
PashchimiSinghbhum,Jharkhand,65.16294568905194,138.55792236328125,97.83878739674886,195.53759765625,0.7219630643725395,0.7513065951565902,17.63141705195109,2.706085071961085,269.25433333333336,411.54,2025,cams_gap_fill,January,2024,56.306773999403006,co,Moderate,Poor,Good,Good,,,Poor,0,Low,,,,,,18.65,9.3,7.1,38.15,72.6,22.82,Low,2026-07-08T10:43:19.313889+00:00,71.63705327775743,15.74,worsening,2023,2025,2021,2025,60.5,44.8
Patan,Gujarat,60.86879131187767,115.08811950683594,101.84512831370036,175.8730926513672,0.4743298389017581,0.4561899206290642,10.750611674785612,2.3119317134221395,213.70433333333327,342.26,2025,cams_gap_fill,January,2024,50.85047315730589,co,Moderate,Poor,Good,Good,,,Poor,1,Low,0.11,0.09,0.01,22.7,0.72,16.3,18.45,18.3,22.9,59.8,22.34,Low,2026-07-08T10:43:19.313889+00:00,70.04926745096843,54.71,worsening,2023,2025,2021,2025,57.1,41.7
Pathanamthitta,Kerala,39.69669379871269,94.04816436767578,76.6148817062378,132.68206787109375,0.5195920507113139,0.47178623949488,11.94925586382548,2.286732838551204,224.97216666666665,350.88,2025,cams_gap_fill,December,2025,23.121237121155456,co,Satisfactory,Moderate,Good,Good,,,Poor,0,Low,0.24,0.0,0.0,6.83,0.81,42.0,33.4,43.8,11.9,36.4,26.31,Medium,2026-07-08T10:43:19.313889+00:00,54.41516828536987,212.1,worsening,2023,2025,2021,2025,19.4,62.6
Pathankot,Punjab,71.26122595522584,171.01754760742188,130.21192366282145,241.5052947998047,0.8839924931526184,0.7079127122958501,24.90260926882426,2.5691433270772297,326.135,442.94,2025,cams_gap_fill,January,2024,41.57731220885093,co,Moderate,Very Poor,Good,Good,,,Very Poor,0,Low,0.05,0.01,0.01,1.17,0.33,32.75,12.6,40.0,8.1,55.0,28.94,Medium,2026-07-08T10:43:19.313889+00:00,93.48478190104169,139.33,worsening,2023,2025,2021,2025,66.7,72.9
Patiala,Punjab,103.4662987417204,227.2377471923828,185.4223668416341,332.7078857421875,1.1963195900122323,1.6077986538410187,29.4772087097168,3.129741414388021,342.60716666666667,450.16,2025,cams_gap_fill,January,2024,71.56820781043913,co,Poor,Very Poor,Good,Good,,,Very Poor,0,Low,0.05,0.01,0.01,1.17,0.33,31.5,16.65,42.9,5.75,65.3,33.9,Medium,2026-07-08T10:43:19.313889+00:00,130.13894367218018,99.55,worsening,2023,2025,2021,2025,81.1,85.9
Patna,Bihar,154.30108976324453,380.8497009277344,295.84179712931314,588.7978515625,1.351729025443395,2.0423042128483453,46.7197065671285,3.05508025487264,384.3875,500.0,2025,cams_gap_fill,January,2021,91.73686878144768,co,Very Poor,Severe,Good,Good,,,Very Poor,1,Low,0.12,0.2,0.02,7.9,1.4,15.45,18.5,21.5,21.0,67.1,41.32,Medium,2026-07-08T10:43:19.313889+00:00,206.1644719441732,157.32,worsening,2023,2025,2021,2025,98.4,98.7
Perambalur,TamilNadu,45.451297411948175,83.85882568359375,82.50159962972005,122.25032806396484,0.7837501933177312,0.9734567681948344,12.261397020022075,2.3424442847569784,231.78233333333336,322.79,2025,cams_gap_fill,December,2025,31.67387937749644,co,Satisfactory,Moderate,Good,Good,,,Poor,0,Low,0.01,0.0,0.0,0.0,0.03,22.95,22.1,32.9,12.9,66.1,21.57,Low,2026-07-08T10:43:19.313889+00:00,58.12291288375855,122.17,worsening,2023,2025,2021,2025,28.4,35.9
Peren,Nagaland,39.84055672159258,152.5990753173828,72.7181248664856,408.2977600097656,0.3761383523543676,0.2903213545680046,16.22309686342875,2.1169126451015474,253.808,463.95,2025,cams_gap_fill,March,2021,29.857238544609096,co,Satisfactory,Moderate,Good,Good,,,Poor,0,Low,0.02,0.0,0.0,1.42,0.07,23.75,11.3,16.4,31.3,29.7,20.31,Low,2026-07-08T10:43:19.313889+00:00,49.443511168162026,71.41,worsening,2023,2025,2021,2025,20.0,23.1
Phek,Nagaland,30.30572639088969,133.95362854003906,53.30363410313924,254.5760955810547,0.2720651179552077,0.1883477974062164,12.27090293566386,2.1640981316566466,220.69083333333336,417.02,2025,cams_gap_fill,March,2021,24.71029241244224,co,Satisfactory,Satisfactory,Good,Good,,,Poor,0,Low,0.02,0.0,0.0,1.42,0.07,29.85,11.2,14.1,27.7,30.0,18.74,Low,2026-07-08T10:43:19.313889+00:00,36.15874886512756,47.65,worsening,2023,2025,2021,2025,7.8,12.9
Pilibhit,UttarPradesh,86.71981297581983,183.9330596923828,142.56826057434083,259.7619323730469,0.628379022081693,0.6283209865291913,26.06874717871348,2.7958537022272747,323.2993333333333,446.64,2025,cams_gap_fill,January,2024,67.0201753058277,co,Moderate,Very Poor,Good,Good,,,Very Poor,0,Low,0.02,0.0,0.0,0.0,0.07,18.5,12.05,21.4,21.55,52.0,28.06,Medium,2026-07-08T10:43:19.313889+00:00,100.52428181966144,47.55,worsening,2023,2025,2021,2025,73.2,70.6
Pithoragarh,Uttarakhand,18.25482219467525,30.29502174239016,10.951969419206891,31.00457572937012,0.1822779547600518,0.0586381278089468,4.758061570780618,3.638384969461532,135.1313095238095,148.21,2025,sedac_calibrated,February,2023,24.374643769618185,co,Good,Good,Good,Good,,,Moderate,0,Low,0.25,0.01,0.0,8.76,2.28,28.1,8.55,21.8,21.4,25.5,16.52,Low,2026-07-08T10:43:19.313889+00:00,7.147896998458439,-76.65,improving,2023,2025,2021,2025,3.8,6.4
Pithoragarh,Uttarakhand,18.25482219467525,30.29502174239016,10.951969419206891,31.00457572937012,0.1822779547600518,0.0586381278089468,4.758061570780618,3.638384969461532,135.1313095238095,148.21,2025,sedac_calibrated,February,2023,24.374643769618185,co,Good,Good,Good,Good,,,Moderate,0,Low,0.25,0.01,0.0,8.76,2.28,28.1,8.55,21.8,21.4,25.5,16.52,Low,2026-07-08T10:43:19.313889+00:00,7.147896998458439,-76.65,improving,2023,2025,2021,2025,3.8,6.4
Poonch,JammuandKashmir,48.32151638435524,95.8976058959961,85.68467267354329,135.08192443847656,0.6327707742651304,0.5337873737017313,18.0997123559316,2.859245318174362,285.8976666666667,396.33,2025,cams_gap_fill,December,2025,32.913676069254834,co,Satisfactory,Moderate,Good,Good,,,Poor,0,Low,0.08,0.02,0.0,12.17,0.55,,,,,,23.34,Low,2026-07-08T10:43:19.313889+00:00,61.34728654225668,93.28,worsening,2023,2025,2021,2025,33.6,47.6
Porbandar,Gujarat,39.405517322852624,99.4043426513672,56.995162900288896,137.2177276611328,0.229865653378268,0.31275362384816,6.507508985201517,2.9500425378481547,158.41649999999998,279.36,2025,cams_gap_fill,January,2024,37.58202571504061,co,Satisfactory,Satisfactory,Good,Good,,,Moderate,0,Low,0.15,0.09,0.01,22.7,0.84,16.0,17.95,27.8,38.2,47.6,17.43,Low,2026-07-08T10:43:19.313889+00:00,39.22026811705695,1.91,stable,2023,2025,2021,2025,18.5,8.1
Prakasam,AndhraPradesh,35.38585862719856,91.21106719970705,57.9906636873881,128.8055419921875,0.4133539366225401,0.2728584643453359,9.187465171019236,2.731840868790945,192.24466666666663,336.09,2025,cams_gap_fill,December,2025,28.04808386993296,co,Satisfactory,Satisfactory,Good,Good,,,Moderate,0,Low,0.07,0.07,0.01,42.44,0.55,30.4,26.7,39.5,15.2,60.4,21.35,Low,2026-07-08T10:43:19.313889+00:00,41.17297336790297,59.48,worsening,2023,2025,2021,2025,12.3,33.4
Pratapgarh,Rajasthan,50.60793421459432,85.27999877929688,75.39989573160807,120.0133285522461,0.3996250167489051,0.4000815950334072,10.711908213297528,2.707602188984553,211.17916666666667,346.34,2025,cams_gap_fill,January,2024,44.14116239626771,co,Satisfactory,Moderate,Good,Good,,,Poor,0,Low,0.05,0.03,0.0,4.32,0.46,17.6,7.65,5.9,20.25,53.1,19.02,Low,2026-07-08T10:43:19.313889+00:00,54.10964753892687,15.48,worsening,2023,2025,2021,2025,40.4,14.1
Pratapgarh,UttarPradesh,120.7095096881778,259.9510498046875,200.686806233724,384.1379089355469,1.066016922394435,1.2630992124478022,31.752554647127788,3.061902248859405,342.3115,458.8,2025,cams_gap_fill,January,2024,89.60268558490671,co,Very Poor,Very Poor,Good,Good,,,Very Poor,5,Low,0.0,0.0,0.0,0.0,0.03,19.95,16.6,25.0,26.65,48.9,34.59,Medium,2026-07-08T10:43:19.313889+00:00,143.7044743431939,62.04,worsening,2023,2025,2021,2025,88.0,88.2
Puducherry,Puducherry,44.17589133347922,83.42205810546875,79.66133257548015,117.9509735107422,0.8422805776198705,1.264415939648946,11.52193755308787,2.5810045262177783,222.7878333333333,313.25,2025,cams_gap_fill,February,2023,31.45602606243782,co,Satisfactory,Moderate,Good,Good,,,Poor,0,Low,0.07,0.29,0.01,42.44,1.1,26.9,20.05,48.5,8.05,56.8,22.95,Low,2026-07-08T10:43:19.313889+00:00,55.71429083082411,108.97,worsening,2023,2025,2021,2025,26.8,45.4
Pudukkottai,TamilNadu,38.9388786064165,76.38249206542969,68.83032480875652,108.74229431152344,0.4924147461851438,0.4996748546759287,10.206847127278646,2.5561027407646177,205.78216666666668,313.86,2025,cams_gap_fill,December,2025,28.48178817022949,co,Satisfactory,Moderate,Good,Good,,,Poor,0,Low,0.05,0.02,0.01,0.16,0.27,26.6,20.75,32.0,17.95,62.5,20.44,Low,2026-07-08T10:43:19.313889+00:00,48.15872245364719,98.2,worsening,2023,2025,2021,2025,17.0,24.4
Pulwama,JammuandKashmir,37.45958801709962,70.68038940429688,67.88214931488037,99.57183837890624,0.620164987941583,0.4325170370439688,15.156838591893514,2.628350414832433,262.6898333333333,341.02,2025,cams_gap_fill,December,2025,24.061818393036745,co,Satisfactory,Moderate,Good,Good,,,Poor,0,Low,0.0,0.0,0.0,0.0,0.0,20.85,6.0,37.9,22.25,73.2,19.06,Low,2026-07-08T10:43:19.313889+00:00,48.46491008334689,105.9,worsening,2023,2025,2021,2025,14.3,14.6
Pune,Maharashtra,58.21001415708451,124.92664337158205,99.943150583903,176.3177032470703,0.7148344233632088,1.0348614553610485,15.584693451722464,2.6699124316374463,255.753,383.96,2025,cams_gap_fill,January,2023,40.82523194489709,co,Satisfactory,Poor,Good,Good,,,Poor,0,Low,0.18,0.18,0.0,12.65,1.82,24.1,13.7,31.0,19.8,51.9,25.65,Medium,2026-07-08T10:43:19.313889+00:00,70.4183849228753,68.59,worsening,2023,2025,2021,2025,54.0,59.5
PurbaChamparan,Bihar,141.38681164305052,351.26904296875,261.7241433461507,493.4742736816406,1.1328520268201827,1.7043395390113194,41.09202712376912,3.141549114386241,372.5328333333334,489.5,2025,cams_gap_fill,February,2021,94.98729426493496,co,Very Poor,Severe,Good,Good,,,Very Poor,0,Low,,,,,,19.9,13.6,16.3,31.4,57.3,36.95,Medium,2026-07-08T10:43:19.313889+00:00,181.49403063456217,113.23,worsening,2023,2025,2021,2025,96.0,93.3
PurbaMedinipur,WestBengal,84.78779750758204,264.7159423828125,149.7116766611735,374.3885498046875,0.7164771653711796,1.3333622733751933,23.89117232163748,3.374827865759532,277.9405,451.09,2025,cams_gap_fill,January,2024,55.86621870792013,co,Moderate,Very Poor,Good,Good,,,Poor,0,Low,,,,,,19.7,22.65,27.4,26.5,70.4,27.68,Medium,2026-07-08T10:43:19.313889+00:00,108.59817753897772,91.41,worsening,2023,2025,2021,2025,72.8,68.8
PurbiSinghbhum,Jharkhand,83.02832040519812,198.01168823242188,137.60750802357992,279.9794311523437,0.9207371254762012,1.6650328914324442,23.100292587280272,2.668182893594106,297.09599999999995,431.64,2025,cams_gap_fill,January,2024,62.30738730113556,co,Moderate,Very Poor,Good,Good,,,Poor,0,Low,,,,,,21.1,14.1,18.6,23.7,64.4,27.17,Medium,2026-07-08T10:43:19.313889+00:00,99.74951394399008,50.82,worsening,2023,2025,2021,2025,71.7,66.1
Puri,Odisha,43.73383317991392,121.72205352783205,68.40383351643881,172.1641082763672,0.196649627884229,0.2814173823843399,10.864991621176404,4.079981338977814,207.2733333333333,383.71,2025,cams_gap_fill,December,2025,37.44038955668289,co,Satisfactory,Moderate,Good,Good,,,Poor,0,Low,0.21,0.17,0.0,21.64,1.23,22.05,21.9,40.4,39.05,63.3,21.99,Low,2026-07-08T10:43:19.313889+00:00,49.85392347971598,29.18,worsening,2023,2025,2021,2025,25.7,40.0
Purnia,Bihar,108.1534224336679,286.16778564453125,193.1343365351359,404.0505065917969,0.8492627302805583,1.0365981981158257,31.50495260556539,3.0989967624346417,331.535,462.7,2025,cams_gap_fill,January,2024,73.40593223592197,co,Poor,Very Poor,Good,Good,,,Very Poor,0,Low,0.16,0.12,0.02,8.66,1.15,20.6,18.95,14.4,26.75,66.0,33.94,Medium,2026-07-08T10:43:19.313889+00:00,137.1896184285482,99.95,worsening,2023,2025,2021,2025,83.6,86.2
Puruliya,WestBengal,99.19027534504872,237.26719665527344,171.52205632527668,335.2528076171875,1.2014799783627192,1.8604086319605508,28.10260577996572,2.5375154693921407,326.45916666666665,443.54,2025,cams_gap_fill,January,2024,69.62537651799501,co,Poor,Very Poor,Good,Good,,,Very Poor,0,Low,0.0,0.0,0.0,0.0,0.0,18.95,18.0,9.6,38.95,76.7,30.56,Medium,2026-07-08T10:43:19.313889+00:00,122.78602441151936,68.36,worsening,2023,2025,2021,2025,79.1,77.1
RaeBareli,UttarPradesh,124.49774407339643,281.1524658203125,211.423720296224,397.4209899902344,1.1446109970410665,1.383644488453865,34.48323136965434,2.92388695081075,350.55550000000005,472.75,2025,cams_gap_fill,January,2024,90.94535194488044,co,Very Poor,Very Poor,Good,Good,,,Very Poor,5,Low,,,,,,18.65,7.85,18.7,31.1,48.2,33.83,Medium,2026-07-08T10:43:19.313889+00:00,150.7754201889038,71.76,worsening,2023,2025,2021,2025,89.8,85.4
Raichur,Karnataka,38.49843772263109,91.73550415039062,61.56992343266805,129.66603088378906,0.6098545315364997,0.5821369315187136,9.331785460313162,2.8124483704566954,194.3045,338.51,2025,cams_gap_fill,December,2025,31.1027347451944,co,Satisfactory,Moderate,Good,Good,,,Moderate,0,Low,0.08,0.02,0.0,14.02,0.4,17.6,9.05,19.9,20.95,60.4,17.02,Low,2026-07-08T10:43:19.313889+00:00,43.92626608742608,49.46,worsening,2023,2025,2021,2025,15.8,7.0
Raigarh,Chhattisgarh,66.2722863908505,143.7300567626953,104.00684350331623,202.21096801757807,0.9477582519253096,1.5932060102621717,17.331309223175047,2.616185579697292,270.6435,408.91,2025,cams_gap_fill,December,2025,51.08964244866827,co,Moderate,Poor,Good,Good,,,Poor,5,Low,0.02,0.01,0.0,16.12,0.1,29.0,10.75,14.9,31.35,62.2,25.77,Medium,2026-07-08T10:43:19.313889+00:00,75.62232939402263,37.98,worsening,2023,2025,2021,2025,62.0,60.2
Raigarh,Maharashtra,78.31847418822784,186.35646057128903,149.82699743906656,263.68817138671875,1.0597599585851034,1.1070194254318872,24.893046307563782,2.5548459668954213,306.7278333333333,424.44,2025,cams_gap_fill,January,2025,43.97682171092077,co,Moderate,Very Poor,Good,Good,,,Very Poor,0,Low,0.11,0.18,0.0,12.65,1.67,12.4,12.5,23.1,24.0,54.2,27.96,Medium,2026-07-08T10:43:19.313889+00:00,105.85314072502985,162.72,worsening,2023,2025,2021,2025,69.4,70.4
Raipur,Chhattisgarh,71.6694588548046,138.1991424560547,94.00890324910482,194.4775390625,0.6629768925408522,0.6986499706904093,14.941765666007996,2.951523824532827,252.07083333333333,405.23,2025,cams_gap_fill,December,2025,69.38125450063352,co,Moderate,Poor,Good,Good,,,Poor,12,Moderate,0.05,0.01,0.0,16.12,0.2,19.15,9.15,15.7,24.2,59.1,25.26,Medium,2026-07-08T10:43:19.313889+00:00,68.6659501393636,-13.25,improving,2023,2025,2021,2025,67.0,57.1
Raisen,MadhyaPradesh,52.08999008264655,95.3814926147461,80.57525024414062,133.01902770996094,0.437150335808595,0.4426264777779579,12.630768791834514,2.675359159708023,233.23316666666668,354.15,2025,cams_gap_fill,January,2024,43.12486006697343,co,Satisfactory,Moderate,Good,Good,,,Poor,5,Low,0.02,0.0,0.0,0.0,0.07,20.1,9.6,23.5,30.9,56.9,21.0,Low,2026-07-08T10:43:19.313889+00:00,57.68751912646823,32.19,worsening,2023,2025,2021,2025,43.8,29.4
Rajgarh,MadhyaPradesh,50.49078425976543,89.22384643554688,73.55513350168864,125.91853332519533,0.3578548389176527,0.3546827498823404,10.394241170088453,2.8784846007823943,207.0483333333333,344.76,2025,cams_gap_fill,January,2024,45.765611141583264,co,Satisfactory,Moderate,Good,Good,,,Poor,8,Low,0.0,0.0,0.0,0.0,0.0,24.2,8.0,14.1,28.15,52.3,20.52,Low,2026-07-08T10:43:19.313889+00:00,53.13868723975288,11.9,worsening,2023,2025,2021,2025,40.1,25.1
Rajkot,Gujarat,45.77004583529815,111.71289825439452,69.42256034215292,154.16314697265625,0.3969013879696528,0.5234437567492326,8.423289664586385,2.717304319143296,183.33466666666664,310.27,2025,cams_gap_fill,November,2024,39.9115213431948,co,Satisfactory,Moderate,Good,Good,,,Moderate,0,Low,0.17,0.09,0.01,27.94,0.89,16.15,16.0,28.0,30.3,60.5,19.0,Low,2026-07-08T10:43:19.313889+00:00,48.28072145250108,16.95,worsening,2023,2025,2021,2025,28.7,13.9
Rajnandgaon,Chhattisgarh,58.84061563371274,101.59308624267578,80.92911551793416,143.6774444580078,0.5267170391976833,0.5440863678852718,12.822489301363628,3.1293179353078204,233.10766666666663,359.0,2025,cams_gap_fill,December,2025,53.89568102073734,co,Satisfactory,Moderate,Good,Good,,,Poor,12,Moderate,0.03,0.01,0.0,16.12,0.14,28.0,9.25,12.8,33.15,58.3,24.21,Low,2026-07-08T10:43:19.313889+00:00,58.78454499774509,-5.66,stable,2023,2025,2021,2025,54.6,53.6
Rajouri,JammuandKashmir,65.33484201776443,156.61660766601562,124.66004727681478,221.30224609375,0.7628526469071706,0.6754830469687779,23.280069303512573,2.7500918745994567,317.47166666666664,429.23,2025,cams_gap_fill,January,2024,37.063051362159655,co,Moderate,Very Poor,Good,Good,,,Very Poor,0,Low,0.08,0.02,0.0,12.17,0.55,15.15,8.2,22.7,24.0,60.6,24.9,Low,2026-07-08T10:43:19.313889+00:00,89.71721331278484,192.74,worsening,2023,2025,2021,2025,60.7,55.6
Rajsamand,Rajasthan,51.62017704566223,97.3093490600586,78.88070634206136,136.80128479003906,0.5719652091463406,0.4066030231614908,11.655559213956195,2.4029999633630115,218.59966666666665,365.48,2025,cams_gap_fill,January,2024,47.503928022764015,co,Satisfactory,Moderate,Good,Good,,,Poor,0,Low,0.05,0.08,0.0,4.32,0.61,15.25,7.35,8.3,24.7,58.4,19.27,Low,2026-07-08T10:43:19.313889+00:00,55.82918961842855,25.84,worsening,2023,2025,2021,2025,42.5,15.8
Ramanagara,Karnataka,40.971948648223055,81.0777587890625,72.139413134257,114.6851806640625,0.5565607180198033,0.5149997999270757,11.881782380739848,2.4640009343624114,226.99733333333333,324.16,2025,cams_gap_fill,December,2025,29.33212823809025,co,Satisfactory,Moderate,Good,Good,,,Poor,0,Low,0.08,0.02,0.0,13.31,0.4,29.05,18.9,36.5,14.75,45.5,21.82,Low,2026-07-08T10:43:19.313889+00:00,51.09440718756782,112.24,worsening,2023,2025,2021,2025,21.7,38.3
Ramanathapuram,TamilNadu,32.38968180342911,59.89738845825195,51.82031234105428,84.9334487915039,0.2990123105545839,0.3014882378280162,7.922413881619772,2.741791001955668,175.56383333333332,290.34,2025,cams_gap_fill,December,2025,28.766248909468505,co,Satisfactory,Satisfactory,Good,Good,,,Moderate,0,Low,0.05,0.02,0.01,0.16,0.27,25.75,18.7,34.1,11.95,53.6,18.0,Low,2026-07-08T10:43:19.313889+00:00,36.122465239630806,42.33,worsening,2023,2025,2021,2025,9.5,9.8
Ramban,JammuandKashmir,52.59439663681757,118.59302520751952,98.8738659540812,167.2724609375,0.6567643076181412,0.4812759851415952,19.5540668964386,2.498807615041733,297.1838333333333,407.97,2025,cams_gap_fill,January,2024,30.66901799946345,co,Satisfactory,Poor,Good,Good,,,Poor,0,Low,0.08,0.02,0.0,12.17,0.49,16.6,6.5,15.8,19.6,59.7,22.43,Low,2026-07-08T10:43:19.313889+00:00,71.15538427564833,157.55,worsening,2023,2025,2021,2025,45.4,42.3
Ramgarh,Jharkhand,80.75785531688658,183.59939575195312,129.004474512736,259.3928527832031,0.9772585382064184,1.2023916199803353,21.36955775419871,2.801415212949117,296.6513333333333,424.78,2025,cams_gap_fill,January,2024,64.4285790138147,co,Moderate,Very Poor,Good,Good,,,Poor,0,Low,0.02,0.03,0.0,1.42,0.2,24.25,10.4,14.1,28.55,62.3,27.1,Medium,2026-07-08T10:43:19.313889+00:00,92.18236743079292,32.47,worsening,2023,2025,2021,2025,70.6,65.9
Rampur,UttarPradesh,125.50983620463587,311.957275390625,235.24123865763343,441.0147705078125,1.1524984647830327,1.5545065035422645,37.968098100026445,3.1054942051569623,368.40633333333335,481.46,2025,cams_gap_fill,January,2024,76.30043192663709,co,Very Poor,Very Poor,Good,Good,,,Very Poor,1,Low,0.01,0.0,0.0,0.0,0.03,19.35,13.4,20.6,20.5,55.4,34.98,Medium,2026-07-08T10:43:19.313889+00:00,166.24790244632297,146.47,worsening,2023,2025,2021,2025,89.9,89.1
Ranchi,Jharkhand,76.66631066400511,176.48123168945312,127.37478326161704,249.3486328125,0.9801144729057948,1.226445975402991,22.095681198438008,2.572941795984904,299.2855,424.07,2025,cams_gap_fill,January,2024,57.1442113874768,co,Moderate,Very Poor,Good,Good,,,Poor,0,Low,0.02,0.03,0.0,1.42,0.2,21.35,10.85,14.9,27.05,58.9,26.35,Medium,2026-07-08T10:43:19.313889+00:00,91.54785855611163,55.34,worsening,2023,2025,2021,2025,68.6,62.9
RangaReddy,Telangana,68.66334943605355,173.7768096923828,134.0181879679362,246.17958068847656,0.8515491401155789,1.0395222624142966,20.34607061545054,2.6190597971280414,291.5758333333333,411.62,2025,cams_gap_fill,December,2025,38.34303186340722,co,Moderate,Very Poor,Good,Good,,,Poor,0,Low,,,,,,31.75,17.45,40.6,11.7,53.2,27.33,Medium,2026-07-08T10:43:19.313889+00:00,93.6730228000217,200.75,worsening,2023,2025,2021,2025,64.6,67.3
Ratlam,MadhyaPradesh,51.64077587592072,88.93656158447266,77.37714500427246,125.49903106689452,0.3898335576057434,0.4456970622142156,10.735862123966218,2.769399913152059,211.59116666666665,337.77,2025,cams_gap_fill,January,2024,44.4530393806848,co,Satisfactory,Moderate,Good,Good,,,Poor,0,Low,0.0,0.0,0.0,0.0,0.0,22.65,8.8,17.0,18.9,59.5,19.4,Low,2026-07-08T10:43:19.313889+00:00,55.59255817201402,18.07,worsening,2023,2025,2021,2025,42.6,16.6
Ratnagiri,Maharashtra,44.008324222240745,98.85079193115234,73.52571147282919,139.4536590576172,0.4148292565097412,0.4150756937762102,12.475410854816436,3.3436338742574057,224.7275,361.96,2025,cams_gap_fill,January,2025,31.8041422838149,co,Satisfactory,Moderate,Good,Good,,,Poor,0,Low,0.2,0.04,0.0,12.65,0.86,33.15,16.7,17.7,24.85,43.4,23.06,Low,2026-07-08T10:43:19.313889+00:00,51.82320070266724,48.83,worsening,2023,2025,2021,2025,26.2,45.9
Rayagada,Odisha,41.32083557394024,78.51365661621094,66.92564299901326,147.2257080078125,0.4469935663044452,0.4112780928611755,11.677853560447693,2.967922927935918,222.74166666666667,335.95,2025,cams_gap_fill,December,2025,32.69018545213937,co,Satisfactory,Moderate,Good,Good,,,Poor,0,Low,0.25,0.17,0.0,21.64,1.32,22.3,14.4,14.8,38.05,69.1,21.38,Low,2026-07-08T10:43:19.313889+00:00,48.53912046220567,43.39,worsening,2023,2025,2021,2025,22.2,33.9
Reasi,JammuandKashmir,53.25818542477949,118.59302520751952,98.8738659540812,167.2724609375,0.6567643076181412,0.4812759851415952,19.5540668964386,2.498807615041733,297.1838333333333,407.97,2025,cams_gap_fill,January,2024,32.29836677777233,co,Satisfactory,Poor,Good,Good,,,Poor,0,Low,0.08,0.02,0.0,12.17,0.55,16.5,7.1,22.7,22.85,62.9,22.68,Low,2026-07-08T10:43:19.313889+00:00,71.15538427564833,144.2,worsening,2023,2025,2021,2025,46.4,43.8
Rewa,MadhyaPradesh,82.41974899887194,197.2564697265625,143.05909182230633,278.9001770019531,1.194780058662097,2.133128496011098,23.4441304286321,2.5750617146492005,307.9088333333333,433.44,2025,cams_gap_fill,January,2024,56.80800811280596,co,Moderate,Very Poor,Good,Good,,,Very Poor,2,Low,0.05,0.0,0.0,0.0,0.17,18.85,13.4,18.2,31.45,61.7,27.69,Medium,2026-07-08T10:43:19.313889+00:00,102.60317209031848,85.1,worsening,2023,2025,2021,2025,71.3,68.9
Rewari,Haryana,113.9724567395038,241.5853576660156,198.23957227071125,339.25146484375,1.3191847493251163,1.6698054860035578,29.2946084022522,2.6854440609614056,341.1418333333333,441.45,2025,cams_gap_fill,January,2024,82.43977615380594,co,Poor,Very Poor,Good,Good,,,Very Poor,8,Low,0.03,0.01,0.0,0.41,0.27,25.3,9.55,28.3,18.95,61.8,34.35,Medium,2026-07-08T10:43:19.313889+00:00,139.33383973439535,73.85,worsening,2023,2025,2021,2025,84.3,87.9
RiBhoi,Meghalaya,63.49178805195719,145.9134521484375,119.59863872528076,207.54656982421875,0.6615934565663337,0.6407478486498197,21.003778465588887,2.4645201325416566,304.91200000000003,401.97,2025,cams_gap_fill,January,2021,38.73259580863286,co,Moderate,Poor,Good,Good,,,Very Poor,0,Low,,,,,,,,,,,25.1,Medium,2026-07-08T10:43:19.313889+00:00,86.14336554209392,132.39,worsening,2023,2025,2021,2025,59.3,56.4
Rohtak,Haryana,120.0844570312956,251.91766357421875,203.97843081156407,352.08856201171875,1.5053673704465231,2.4519135018189746,30.730023209253947,2.7058722635110217,351.3111666666666,443.09,2025,cams_gap_fill,January,2024,93.12954950041524,co,Very Poor,Very Poor,Good,Good,,,Very Poor,7,Low,0.03,0.01,0.0,0.41,0.27,22.6,14.55,35.9,16.65,65.3,35.68,Medium,2026-07-08T10:43:19.313889+00:00,143.22682592603894,64.97,worsening,2023,2025,2021,2025,87.6,90.7
Rohtas,Bihar,89.13111254374186,214.39601135253903,152.37092151641846,302.90185546875,0.9018492097655932,0.941623870531718,25.284444332122803,2.8821451624234515,314.559,443.36,2025,cams_gap_fill,January,2024,64.43825522098756,co,Moderate,Very Poor,Good,Good,,,Very Poor,3,Low,0.1,0.1,0.02,7.9,0.95,15.6,11.9,19.8,20.8,64.9,29.37,Medium,2026-07-08T10:43:19.313889+00:00,108.27647717793782,70.98,worsening,2023,2025,2021,2025,74.4,74.6
Rudraprayag,Uttarakhand,30.167898230037785,48.02755355834961,40.85535459518432,74.73424530029297,0.5390445272127787,0.4158273448546727,10.233867931365968,3.2485336661338806,205.30616666666663,298.91,2025,cams_gap_fill,November,2024,30.53579544967524,co,Satisfactory,Satisfactory,Good,Good,,,Poor,0,Low,0.31,0.0,0.0,4.38,1.88,25.2,13.35,25.3,21.5,40.6,20.46,Low,2026-07-08T10:43:19.313889+00:00,28.565392388237846,-22.82,improving,2023,2025,2021,2025,7.7,24.6
Rupnagar,Punjab,97.5554282777814,230.6940460205078,185.1333527882894,326.1763000488281,1.429381674528122,2.25719543894132,31.53686114947001,2.872784119844437,351.99133333333333,461.84,2025,cams_gap_fill,January,2024,57.37285909267211,co,Poor,Very Poor,Good,Good,,,Very Poor,0,Low,0.05,0.01,0.01,1.17,0.33,29.55,20.1,45.3,6.0,64.5,33.8,Medium,2026-07-08T10:43:19.313889+00:00,130.29113070170084,154.96,worsening,2023,2025,2021,2025,78.3,85.1
SabarKantha,Gujarat,59.06185147116984,109.71672821044922,98.52201201121012,153.85198974609375,0.5749058810373148,0.6468081126610438,12.116233551502228,2.2687690297762555,226.608,347.08,2025,cams_gap_fill,January,2024,45.85187991927224,co,Satisfactory,Poor,Good,Good,,,Poor,0,Low,,,,,,,,,,,21.43,Low,2026-07-08T10:43:19.313889+00:00,69.76000828213162,62.97,worsening,2023,2025,2021,2025,54.9,34.2
Sagar,MadhyaPradesh,49.81209096465391,100.67404174804688,76.78506762186686,142.17835998535156,0.3998616432150205,0.3850278959920009,12.214425786336262,2.878704688946406,225.9225,368.58,2025,cams_gap_fill,January,2024,42.27702933382222,co,Satisfactory,Moderate,Good,Good,,,Poor,3,Low,0.05,0.0,0.0,0.0,0.17,25.85,8.8,20.2,31.1,49.8,20.99,Low,2026-07-08T10:43:19.313889+00:00,55.4639720386929,31.6,worsening,2023,2025,2021,2025,37.4,29.0
Saharanpur,UttarPradesh,105.62262987623458,219.1841735839844,187.9614351908366,307.3432312011719,1.180749519666036,1.5306344509124756,31.49322969118754,2.9063272376855216,357.23400000000004,449.98,2025,cams_gap_fill,January,2024,73.40720849904642,co,Poor,Very Poor,Good,Good,,,Very Poor,0,Low,0.0,0.0,0.0,0.0,0.0,23.65,10.2,16.4,16.55,41.4,32.1,Medium,2026-07-08T10:43:19.313889+00:00,132.77280277676053,102.47,worsening,2023,2025,2021,2025,82.2,80.6
Saharsa,Bihar,137.232793338292,343.78173828125,257.99241027832034,521.6695556640625,1.202830477555593,1.7650539249181747,41.30949672063192,3.168636910120646,367.174,490.53,2025,cams_gap_fill,January,2021,87.1389529168251,co,Very Poor,Severe,Good,Good,,,Very Poor,0,Low,0.16,0.06,0.02,8.66,1.0,15.2,14.1,12.8,32.8,65.3,37.11,Medium,2026-07-08T10:43:19.313889+00:00,180.7256087197198,139.44,worsening,2023,2025,2021,2025,94.1,93.7
Sahibganj,Jharkhand,96.74419299925826,258.7919006347656,173.25172201792398,365.3977661132813,0.8982849111159642,1.104693640768528,27.605714440345764,3.1036375045776365,318.1538333333333,452.55,2025,cams_gap_fill,January,2024,64.11614763561141,co,Poor,Very Poor,Good,Good,,,Very Poor,0,Low,0.05,0.03,0.0,1.42,0.3,16.1,14.12,10.35,26.43,70.85,29.36,Medium,2026-07-08T10:43:19.313889+00:00,123.01600646972656,103.61,worsening,2023,2025,2021,2025,77.5,74.4
SahibzadaAjitSinghNagar,Punjab,99.19296628396344,230.6940460205078,185.1333527882894,326.1763000488281,1.429381674528122,2.25719543894132,31.53686114947001,2.872784119844437,351.99133333333333,461.84,2025,cams_gap_fill,January,2024,60.91863469022955,co,Poor,Very Poor,Good,Good,,,Very Poor,0,Low,,,,,,30.85,17.6,48.9,6.4,59.5,33.32,Medium,2026-07-08T10:43:19.313889+00:00,130.29113070170084,142.57,worsening,2023,2025,2021,2025,79.3,82.4
Saiha,Mizoram,45.86063080998055,322.0555725097656,76.5428295135498,780.881103515625,0.2296681431432564,0.1366821382349977,16.663351027170815,1.941040463248889,200.32366666666667,500.0,2025,cams_gap_fill,March,2021,39.25492466951701,co,Satisfactory,Moderate,Good,Good,,,Poor,0,Low,0.0,0.03,0.0,0.0,0.46,17.95,9.4,18.9,71.85,44.2,18.32,Low,2026-07-08T10:43:19.313889+00:00,50.66505965921614,4.71,stable,2023,2025,2021,2025,29.0,10.9
Salem,TamilNadu,48.79473431258402,95.71420288085938,88.19014828999838,135.22726440429688,0.7589204793175062,0.9342378879586856,14.33121566772461,2.206580962737401,252.08383333333333,346.49,2025,cams_gap_fill,February,2025,31.214175493875423,co,Satisfactory,Moderate,Good,Good,,,Poor,0,Low,0.01,0.0,0.0,0.0,0.03,30.3,20.35,40.3,15.0,46.3,23.62,Low,2026-07-08T10:43:19.313889+00:00,63.12689452701144,135.71,worsening,2023,2025,2021,2025,35.1,50.6
Samastipur,Bihar,140.73173946876437,343.78173828125,257.99241027832034,521.6695556640625,1.202830477555593,1.7650539249181747,41.30949672063192,3.168636910120646,367.174,490.53,2025,cams_gap_fill,January,2021,94.4679253809226,co,Very Poor,Severe,Good,Good,,,Very Poor,0,Low,0.09,0.12,0.02,7.9,0.97,16.1,15.1,15.2,27.6,60.5,37.77,Medium,2026-07-08T10:43:19.313889+00:00,180.7256087197198,117.38,worsening,2023,2025,2021,2025,95.7,95.4
Samba,JammuandKashmir,98.0465519834886,243.4578857421875,194.9153149922689,344.2103271484375,1.0511509418487548,0.9677571748693784,35.74473497072856,2.742837502559026,365.8666666666667,471.47,2025,cams_gap_fill,January,2024,47.78187503589029,co,Poor,Very Poor,Good,Good,,,Very Poor,0,Low,0.08,0.02,0.0,12.17,0.49,21.3,10.75,36.5,20.95,62.4,32.0,Medium,2026-07-08T10:43:19.313889+00:00,139.42283015780978,270.98,worsening,2023,2025,2021,2025,78.6,80.3
Sambalpur,Odisha,59.18076974088794,116.67123413085938,91.73468214670817,164.3921356201172,0.8064430306355158,0.8347331807017326,15.716671498616536,2.778610004981359,257.63216666666665,399.81,2025,cams_gap_fill,December,2025,48.07291101307216,co,Satisfactory,Poor,Good,Good,,,Poor,0,Low,0.1,0.11,0.0,11.52,0.78,23.35,14.15,21.4,36.6,66.7,24.24,Low,2026-07-08T10:43:19.313889+00:00,67.1116566128201,34.35,worsening,2023,2025,2021,2025,55.0,54.1
Sambhal,UttarPradesh,131.54396364071468,311.957275390625,235.24123865763343,441.0147705078125,1.1524984647830327,1.5545065035422645,37.968098100026445,3.1054942051569623,368.40633333333335,481.46,2025,cams_gap_fill,January,2024,89.36567716228166,co,Very Poor,Very Poor,Good,Good,,,Very Poor,1,Low,0.0,0.0,0.0,0.0,0.0,21.0,7.95,19.6,22.6,51.3,35.09,Medium,2026-07-08T10:43:19.313889+00:00,166.24790244632297,100.64,worsening,2023,2025,2021,2025,91.4,89.2
Sangli,Maharashtra,47.2018130182043,93.68004608154295,80.7902296702067,134.5760955810547,0.4428885494669278,0.4611878936489423,11.011662475268048,2.83413840730985,215.323,327.3,2025,cams_gap_fill,December,2021,34.421965070321846,co,Satisfactory,Moderate,Good,Good,,,Poor,0,Low,0.05,0.04,0.0,12.65,0.43,31.05,16.6,27.8,21.45,47.5,22.09,Low,2026-07-08T10:43:19.313889+00:00,55.34328895144992,46.65,worsening,2023,2025,2021,2025,31.4,40.6
Sangrur,Punjab,102.15134422457147,249.67849731445312,179.80082639058432,451.9074401855469,1.1811674962441123,1.2026120553414026,27.88250288963318,2.9600488464037578,334.3111666666667,467.61,2025,cams_gap_fill,November,2021,75.97393907113754,co,Poor,Very Poor,Good,Good,,,Very Poor,0,Low,0.05,0.01,0.01,1.17,0.33,37.35,11.9,37.6,6.65,52.6,33.57,Medium,2026-07-08T10:43:19.313889+00:00,124.79082700941298,75.99,worsening,2023,2025,2021,2025,80.3,83.9
SantKabirNagar,UttarPradesh,132.87124673545344,311.4494323730469,234.53777580261232,436.9205322265625,1.045352104306221,1.3777211179335913,39.13628555933634,3.090017056465149,364.1945,473.52,2025,cams_gap_fill,January,2024,92.13594255996443,co,Very Poor,Very Poor,Good,Good,,,Very Poor,1,Low,,,,,,25.35,9.45,15.9,30.9,43.5,35.95,Medium,2026-07-08T10:43:19.313889+00:00,164.64652739630804,82.57,worsening,2023,2025,2021,2025,91.7,91.3
SantRaviDasNagar,UttarPradesh,133.79810916428016,326.6922302246094,241.30766003926595,469.9518127441406,1.4939915438493092,2.5841761122147244,38.40862663586935,2.7235357960065207,362.74033333333335,483.11,2025,cams_gap_fill,January,2024,90.332727708556,co,Very Poor,Very Poor,Good,Good,,,Very Poor,3,Low,,,,,,,,,,,36.39,Medium,2026-07-08T10:43:19.313889+00:00,170.53630288441977,100.8,worsening,2023,2025,2021,2025,92.0,92.2
Saraikela-kharsawan,Jharkhand,83.69830727338076,198.01168823242188,137.60750802357992,279.9794311523437,0.9207371254762012,1.6650328914324442,23.100292587280272,2.668182893594106,297.09599999999995,431.64,2025,cams_gap_fill,January,2024,63.1275768271676,co,Moderate,Very Poor,Good,Good,,,Poor,0,Low,0.02,0.03,0.0,1.42,0.2,,,,,,27.52,Medium,2026-07-08T10:43:19.313889+00:00,99.74951394399008,48.53,worsening,2023,2025,2021,2025,72.0,67.7
Saran,Bihar,142.3949058176591,351.26904296875,261.7241433461507,493.4742736816406,1.1328520268201827,1.7043395390113194,41.09202712376912,3.141549114386241,372.5328333333334,489.5,2025,cams_gap_fill,February,2021,93.89055144617264,co,Very Poor,Severe,Good,Good,,,Very Poor,1,Low,0.38,0.1,0.02,7.9,1.62,18.0,17.3,19.1,24.1,62.8,39.94,Medium,2026-07-08T10:43:19.313889+00:00,181.49403063456217,109.43,worsening,2023,2025,2021,2025,96.6,98.1
Satara,Maharashtra,49.2713905948825,101.71588134765624,81.9558814048767,143.50210571289062,0.5424323946237564,0.5878430885573228,12.790464361508688,2.842392913500468,230.652,350.76,2025,cams_gap_fill,January,2023,35.547768103425526,co,Satisfactory,Moderate,Good,Good,,,Poor,0,Low,0.07,0.04,0.0,12.65,0.49,28.5,12.45,26.6,35.05,49.6,22.04,Low,2026-07-08T10:43:19.313889+00:00,57.94859266281128,50.53,worsening,2023,2025,2021,2025,36.1,40.4
Satna,MadhyaPradesh,67.28890497700533,155.86434936523438,111.98189118703206,220.22756958007807,0.9494154105583826,1.656949866314729,18.330701526006063,2.6542866071065268,277.8661666666667,416.0,2025,cams_gap_fill,January,2024,49.772728482435205,co,Moderate,Poor,Good,Good,,,Poor,2,Low,0.05,0.0,0.0,0.0,0.17,16.25,12.75,20.4,31.1,57.3,24.18,Low,2026-07-08T10:43:19.313889+00:00,80.8029940923055,64.85,worsening,2023,2025,2021,2025,62.9,53.2
SawaiMadhopur,Rajasthan,68.23859367080996,135.39303588867188,103.26515413920085,190.5931854248047,0.7139741212129593,0.5844804413616658,17.157550390561422,2.5941711445649465,265.9153333333333,411.49,2025,cams_gap_fill,January,2024,61.67020751830749,co,Moderate,Poor,Good,Good,,,Poor,20,Moderate,,,,,,17.6,6.85,11.1,30.5,57.5,25.86,Medium,2026-07-08T10:43:19.313889+00:00,73.65662829081218,16.48,worsening,2023,2025,2021,2025,63.8,60.5
Sehore,MadhyaPradesh,55.41938809556671,104.32035064697266,86.6268524169922,145.72467041015625,0.4625444278120995,0.5028726587692897,13.01987807750702,2.754661351442337,236.48883333333333,357.1,2025,cams_gap_fill,January,2024,44.41288855932028,co,Satisfactory,Moderate,Good,Good,,,Poor,4,Low,0.02,0.0,0.0,0.0,0.07,26.3,9.1,20.6,28.4,45.3,22.21,Low,2026-07-08T10:43:19.313889+00:00,62.2013512717353,38.75,worsening,2023,2025,2021,2025,50.4,41.3
Senapati,Manipur,38.52229107489529,152.5990753173828,72.7181248664856,408.2977600097656,0.3761383523543676,0.2903213545680046,16.22309686342875,2.1169126451015474,253.808,463.95,2025,cams_gap_fill,March,2021,27.097039745884164,co,Satisfactory,Moderate,Good,Good,,,Poor,0,Low,0.02,0.12,0.04,0.0,0.67,23.45,10.35,24.9,54.9,27.4,20.87,Low,2026-07-08T10:43:19.313889+00:00,49.443511168162026,101.04,worsening,2023,2025,2021,2025,16.0,27.8
Seoni,MadhyaPradesh,48.84315697841091,91.55091857910156,73.84483782450359,126.45247650146484,0.4551817511518796,0.4135391286263863,12.290726280212402,2.802207738161087,229.10516666666663,345.81,2025,cams_gap_fill,January,2024,41.17883079830331,co,Satisfactory,Moderate,Good,Good,,,Poor,7,Low,0.05,0.0,0.0,0.0,0.17,23.4,14.15,15.7,43.9,59.9,22.1,Low,2026-07-08T10:43:19.313889+00:00,52.98988310496012,19.89,worsening,2023,2025,2021,2025,35.4,40.8
Serchhip,Mizoram,41.75337131152229,323.3938903808594,78.52313140233358,972.8247680664062,0.2600748368849356,0.1658142873396476,17.787283746401467,2.0105538189411165,205.63766666666663,500.0,2025,cams_gap_fill,March,2021,33.82831061786409,co,Satisfactory,Moderate,Good,Good,,,Poor,0,Low,0.0,0.03,0.0,0.0,0.46,14.65,14.0,24.0,68.45,32.1,18.24,Low,2026-07-08T10:43:19.313889+00:00,49.24844278229608,34.19,worsening,2023,2025,2021,2025,23.1,10.7
Shahdol,MadhyaPradesh,46.77530394556088,89.15416717529297,69.92927020390829,123.40100860595705,0.685639580587546,0.7655396960675717,12.113448842366536,2.888324401775996,226.3445,353.88,2025,cams_gap_fill,January,2024,39.369878210209805,co,Satisfactory,Moderate,Good,Good,,,Poor,1,Low,0.0,0.0,0.0,0.0,0.0,21.5,14.05,14.5,27.5,56.4,20.2,Low,2026-07-08T10:43:19.313889+00:00,50.71672164069282,24.56,worsening,2023,2025,2021,2025,30.9,22.6
ShahidBhagatSinghNagar,Punjab,101.5329893483744,230.6940460205078,185.1333527882894,326.1763000488281,1.429381674528122,2.25719543894132,31.53686114947001,2.872784119844437,351.99133333333333,461.84,2025,cams_gap_fill,January,2024,66.3613259031704,co,Poor,Very Poor,Good,Good,,,Very Poor,0,Low,,,,,,37.75,15.45,41.8,5.55,49.8,34.32,Medium,2026-07-08T10:43:19.313889+00:00,130.29113070170084,113.12,worsening,2023,2025,2021,2025,80.0,87.7
Shahjahanpur,UttarPradesh,117.94305882160458,263.98321533203125,201.1736385345459,372.7238464355469,1.3545610388120015,2.166741189857324,30.731011192003887,2.846572222312292,340.89866666666666,456.69,2025,cams_gap_fill,January,2024,86.34206977866674,co,Poor,Very Poor,Good,Good,,,Very Poor,1,Low,0.01,0.0,0.0,0.0,0.03,15.3,7.9,17.2,27.8,60.3,31.55,Medium,2026-07-08T10:43:19.313889+00:00,142.06672721438937,69.06,worsening,2023,2025,2021,2025,86.5,79.1
Shajapur,MadhyaPradesh,54.69602070087714,100.6093521118164,84.12164967854818,142.04307556152344,0.4002989547948042,0.4606324086586634,11.845284605026244,2.8492007037003835,224.5015,350.07,2025,cams_gap_fill,January,2024,45.34599932221072,co,Satisfactory,Moderate,Good,Good,,,Poor,3,Low,0.02,0.0,0.0,0.0,0.07,24.7,7.25,16.0,25.95,45.8,20.96,Low,2026-07-08T10:43:19.313889+00:00,60.49058034684923,30.95,worsening,2023,2025,2021,2025,49.1,28.6
Shamli,UttarPradesh,165.8498648222307,406.4806213378906,326.6742177327474,573.9354248046875,1.8388647476832072,3.702959922949473,49.2605460802714,2.6526413917541505,409.1148333333333,497.91,2025,cams_gap_fill,December,2021,96.60264595259528,co,Very Poor,Severe,Good,Good,,,Severe,1,Low,0.02,0.0,0.0,0.0,0.52,24.9,10.6,22.6,17.15,41.7,42.63,Medium,2026-07-08T10:43:19.313889+00:00,228.6389696333144,216.23,worsening,2023,2025,2021,2025,99.0,99.0
Sheikhpura,Bihar,150.58035573852993,380.8497009277344,295.84179712931314,588.7978515625,1.351729025443395,2.0423042128483453,46.7197065671285,3.05508025487264,384.3875,500.0,2025,cams_gap_fill,January,2021,84.43787445443232,co,Very Poor,Severe,Good,Good,,,Very Poor,0,Low,0.12,0.06,0.02,7.9,0.89,16.2,10.5,13.3,23.55,69.5,38.85,Medium,2026-07-08T10:43:19.313889+00:00,206.1644719441732,201.36,worsening,2023,2025,2021,2025,98.1,97.0
Sheohar,Bihar,145.6255308151245,339.1656188964844,273.7583886464437,520.2528076171875,1.1612134327491124,1.820961653192838,43.366047922770186,3.043445547421773,378.8371666666666,500.0,2025,cams_gap_fill,February,2021,93.3266951104869,co,Very Poor,Severe,Good,Good,,,Very Poor,0,Low,0.09,0.06,0.02,8.66,0.81,18.15,10.7,7.6,30.55,61.6,38.23,Medium,2026-07-08T10:43:19.313889+00:00,189.4792044957479,124.4,worsening,2023,2025,2021,2025,97.5,96.0
Sheopur,MadhyaPradesh,51.83724719421402,96.6233901977539,73.19716714223226,136.01702880859375,0.439593714972337,0.392218309889237,11.752352833747864,2.9573854486147564,219.67566666666667,382.16,2025,cams_gap_fill,January,2024,50.874204272635936,co,Satisfactory,Moderate,Good,Good,,,Poor,4,Low,0.0,0.0,0.0,0.0,0.0,22.45,9.85,11.2,33.65,64.9,20.54,Low,2026-07-08T10:43:19.313889+00:00,52.97275156444974,0.73,stable,2023,2025,2021,2025,43.2,25.4
Shimla,HimachalPradesh,41.01544268827911,75.42842102050781,68.67318058013916,106.47055053710938,0.878741200764974,0.842971443136533,15.181843852996826,2.76968094309171,264.8155,352.61,2025,cams_gap_fill,November,2024,30.83464676038725,co,Satisfactory,Moderate,Good,Good,,,Poor,0,Low,0.06,0.0,0.0,0.0,0.24,21.7,12.25,28.4,16.6,46.5,21.01,Low,2026-07-08T10:43:19.313889+00:00,49.02238485548232,51.52,worsening,2023,2025,2021,2025,21.9,29.9
Shimoga,Karnataka,30.44431023418928,56.3187370300293,49.29048932393392,78.57393646240234,0.2705925149222215,0.252236558869481,8.249303638935089,2.747573067744573,181.12866666666665,285.39,2025,cams_gap_fill,January,2023,23.49741053931897,co,Satisfactory,Satisfactory,Good,Good,,,Moderate,0,Low,0.08,0.02,0.0,13.31,0.4,27.95,16.0,30.3,21.65,41.9,18.1,Low,2026-07-08T10:43:19.313889+00:00,34.68368731604682,37.64,worsening,2023,2025,2021,2025,8.0,9.9
Shivpuri,MadhyaPradesh,56.943247085724536,120.46475982666016,88.3814723332723,170.12611389160156,0.5091111183166503,0.4678954121967156,14.16030129591624,2.9534245133399963,241.4198333333333,407.21,2025,cams_gap_fill,January,2024,48.97206942260759,co,Satisfactory,Moderate,Good,Good,,,Poor,4,Low,0.0,0.0,0.0,0.0,0.0,14.7,12.55,16.4,25.45,51.1,21.27,Low,2026-07-08T10:43:19.313889+00:00,64.1566505961948,33.32,worsening,2023,2025,2021,2025,52.7,32.8
Shravasti,UttarPradesh,93.76683130055449,203.8546600341797,154.17130902608235,287.7730407714844,0.774942551056544,0.8439403260747592,27.088559873898824,3.084567638238271,325.2658333333333,451.87,2025,cams_gap_fill,January,2024,71.1841725813948,co,Poor,Very Poor,Good,Good,,,Very Poor,0,Low,0.07,0.0,0.0,0.0,0.24,,,,,,29.91,Medium,2026-07-08T10:43:19.313889+00:00,109.1681956185235,50.04,worsening,2023,2025,2021,2025,76.0,75.9
Shupiyan,JammuandKashmir,39.067270579482575,70.68038940429688,67.88214931488037,99.57183837890624,0.620164987941583,0.4325170370439688,15.156838591893514,2.628350414832433,262.6898333333333,341.02,2025,cams_gap_fill,December,2025,27.08817284977326,co,Satisfactory,Moderate,Good,Good,,,Poor,0,Low,0.0,0.0,0.0,0.0,0.0,14.65,5.25,27.6,26.0,63.9,18.21,Low,2026-07-08T10:43:19.313889+00:00,48.46491008334689,70.65,worsening,2023,2025,2021,2025,17.8,10.4
SiddharthNagar,UttarPradesh,118.43743944541784,275.7173156738281,209.1932144165039,386.775146484375,1.0271702080965042,1.2770576591293017,34.48356335163116,3.138149591286977,352.45116666666667,464.76,2025,cams_gap_fill,January,2024,80.9250870788385,co,Poor,Very Poor,Good,Good,,,Very Poor,0,Low,,,,,,,,,,,33.61,Medium,2026-07-08T10:43:19.313889+00:00,148.12023078070746,88.98,worsening,2023,2025,2021,2025,86.7,84.2
Sidhi,MadhyaPradesh,58.866716574291154,130.09915161132812,94.87987842559816,183.99806213378903,1.2644772251447045,3.344116827845573,15.498870333035788,2.504283676544825,256.44966666666664,405.88,2025,cams_gap_fill,January,2024,44.95600072586892,co,Satisfactory,Poor,Good,Good,,,Poor,1,Low,0.0,0.0,0.0,0.0,0.0,21.75,11.25,14.6,30.95,55.7,22.5,Low,2026-07-08T10:43:19.313889+00:00,68.86252027087741,55.26,worsening,2023,2025,2021,2025,54.7,42.6
Sikar,Rajasthan,69.46681388119687,132.9191436767578,118.00003026326496,188.4234619140625,0.6726569995284081,1.0396354620655377,14.818245855967204,2.710107910633087,251.8705,402.71,2025,cams_gap_fill,January,2024,56.48483489820382,co,Moderate,Poor,Good,Good,,,Poor,0,Low,0.07,0.03,0.0,4.32,0.52,20.7,7.55,19.6,21.05,44.0,23.46,Low,2026-07-08T10:43:19.313889+00:00,80.8932556576199,35.57,worsening,2023,2025,2021,2025,64.9,49.0
Simdega,Jharkhand,59.21968058269373,116.43059539794922,88.64577039082845,164.3000946044922,0.7856709390878678,0.7656535595655442,15.711666719118757,2.7423114478588104,258.2486666666667,398.86,2025,cams_gap_fill,January,2024,49.55896354355772,co,Satisfactory,Moderate,Good,Good,,,Poor,0,Low,0.02,0.03,0.0,1.42,0.2,23.8,8.65,7.9,37.05,70.6,22.64,Low,2026-07-08T10:43:19.313889+00:00,64.98648696475558,19.59,worsening,2023,2025,2021,2025,55.2,43.5
Sindhudurg,Maharashtra,42.17227048926445,91.90042877197266,68.16720266342163,129.7284393310547,0.3687638352314631,0.3846368360022704,11.505205953121186,3.474464062849681,216.1098333333333,349.24,2025,cams_gap_fill,January,2025,31.915438316651496,co,Satisfactory,Moderate,Good,Good,,,Poor,0,Low,0.08,0.04,0.0,12.65,0.52,37.25,22.0,20.8,19.15,41.2,23.39,Low,2026-07-08T10:43:19.313889+00:00,47.90891069836087,36.72,worsening,2023,2025,2021,2025,23.7,47.8
Singrauli,MadhyaPradesh,55.05022817901499,116.58190155029295,85.65612411499023,164.71189880371094,0.8139537155628205,1.1410443569223083,14.77127721309662,2.880499831835429,249.233,405.64,2025,cams_gap_fill,January,2024,44.54178305279848,co,Satisfactory,Moderate,Good,Good,,,Poor,0,Low,0.0,0.0,0.0,0.0,0.0,22.4,12.15,11.9,25.9,54.1,21.8,Low,2026-07-08T10:43:19.313889+00:00,62.30402501424154,38.44,worsening,2023,2025,2021,2025,49.7,38.1
Sipahijala,Tripura,70.94925877673336,164.66036987304688,101.82862126032512,247.2873992919922,0.4645134051640828,0.4345842018723488,16.41347195704778,2.5975287437438963,256.9723333333333,407.27,2025,cams_gap_fill,April,2023,66.81967252903512,co,Moderate,Poor,Good,Good,,,Poor,0,Low,0.2,0.16,0.0,0.0,1.08,,,,,,25.69,Medium,2026-07-08T10:43:19.313889+00:00,74.05735550986395,-3.7,stable,2023,2025,2021,2025,66.4,59.9
Sirmaur,HimachalPradesh,69.31136428248202,149.26254272460938,129.4560857772827,210.95753479003903,1.1190614581108094,1.509260465701421,24.205374749501548,2.774072035153707,328.4668333333333,419.17,2025,cams_gap_fill,January,2024,41.5344654920396,co,Moderate,Very Poor,Good,Good,,,Very Poor,0,Low,0.0,0.0,0.0,0.0,0.0,19.95,10.0,23.2,15.7,50.1,26.0,Medium,2026-07-08T10:43:19.313889+00:00,91.86425060696072,147.6,worsening,2023,2025,2021,2025,64.8,60.9
Sirohi,Rajasthan,53.87509777815114,99.96592712402344,83.4456891377767,145.0794219970703,0.4343171333273252,0.3773913053174814,10.433775329589844,2.2892475287119547,206.76066666666665,333.55,2025,cams_gap_fill,January,2024,48.07212828636968,co,Satisfactory,Moderate,Good,Good,,,Poor,0,Low,0.05,0.08,0.0,4.32,0.61,16.45,6.85,7.9,24.3,64.0,19.17,Low,2026-07-08T10:43:19.313889+00:00,58.67491987016466,29.68,worsening,2023,2025,2021,2025,47.9,15.1
Sirsa,Haryana,89.25798340832674,170.6766357421875,157.44792518615722,279.01153564453125,0.8690947085618973,0.9421059067050616,17.99767804145813,3.0412047545115155,289.6633333333333,413.78,2025,cams_gap_fill,January,2024,67.26173991578035,co,Moderate,Very Poor,Good,Good,,,Poor,11,Moderate,0.03,0.01,0.0,0.41,0.27,23.35,19.5,29.3,11.4,61.9,31.01,Medium,2026-07-08T10:43:19.313889+00:00,105.01479774051242,57.95,worsening,2023,2025,2021,2025,74.6,77.8
Sitamarhi,Bihar,144.53476258764692,339.1656188964844,273.7583886464437,520.2528076171875,1.1612134327491124,1.820961653192838,43.366047922770186,3.043445547421773,378.8371666666666,500.0,2025,cams_gap_fill,February,2021,90.52358325244369,co,Very Poor,Severe,Good,Good,,,Very Poor,0,Low,0.17,0.12,0.02,8.66,1.18,17.85,13.45,13.9,30.9,61.7,39.02,Medium,2026-07-08T10:43:19.313889+00:00,189.4792044957479,129.82,worsening,2023,2025,2021,2025,97.2,97.3
Sitapur,UttarPradesh,107.2667043845732,232.247802734375,176.86416352589924,328.555908203125,0.9291811446348828,1.0715620324015618,29.012690234184262,3.0615148345629373,336.4241666666667,453.13,2025,cams_gap_fill,January,2024,84.67428448842263,co,Poor,Very Poor,Good,Good,,,Very Poor,1,Low,0.02,0.0,0.0,0.0,0.07,20.4,8.8,15.4,36.75,55.3,31.03,Medium,2026-07-08T10:43:19.313889+00:00,125.84873474968803,53.36,worsening,2023,2025,2021,2025,82.8,78.0
Sivaganga,TamilNadu,31.711176733464583,59.89738845825195,51.82031234105428,84.9334487915039,0.2990123105545839,0.3014882378280162,7.922413881619772,2.741791001955668,175.56383333333332,290.34,2025,cams_gap_fill,December,2025,26.8607338125326,co,Satisfactory,Satisfactory,Good,Good,,,Moderate,0,Low,0.0,0.02,0.01,0.16,0.1,24.0,24.45,33.4,9.95,51.5,18.26,Low,2026-07-08T10:43:19.313889+00:00,36.122465239630806,51.7,worsening,2023,2025,2021,2025,9.0,10.8
Sivasagar,Assam,52.06165306446646,120.64247131347656,97.34717553456623,182.79025268554688,0.6511797765890758,0.7920449376106262,19.61242679754893,2.2130383908748628,289.2801666666667,409.76,2025,cams_gap_fill,February,2021,32.96188811295292,co,Satisfactory,Poor,Good,Good,,,Poor,0,Low,0.39,0.07,0.0,5.05,1.37,24.0,16.25,21.5,41.95,67.6,25.94,Medium,2026-07-08T10:43:19.313889+00:00,69.10176685121324,126.72,worsening,2023,2025,2021,2025,43.6,60.8
Siwan,Bihar,143.46077282767305,351.26904296875,261.7241433461507,493.4742736816406,1.1328520268201827,1.7043395390113194,41.09202712376912,3.141549114386241,372.5328333333334,489.5,2025,cams_gap_fill,February,2021,97.37168948789451,co,Very Poor,Severe,Good,Good,,,Very Poor,1,Low,0.11,0.16,0.02,7.9,1.13,24.6,12.35,23.3,24.35,53.1,39.58,Medium,2026-07-08T10:43:19.313889+00:00,181.49403063456217,101.75,worsening,2023,2025,2021,2025,96.9,97.6
Solan,HimachalPradesh,68.38014455479465,149.26254272460938,129.4560857772827,210.95753479003903,1.1190614581108094,1.509260465701421,24.205374749501548,2.774072035153707,328.4668333333333,419.17,2025,cams_gap_fill,January,2024,39.426387081226,co,Moderate,Very Poor,Good,Good,,,Very Poor,0,Low,0.0,0.0,0.0,0.0,0.03,22.0,12.1,29.7,15.95,47.5,26.56,Medium,2026-07-08T10:43:19.313889+00:00,91.86425060696072,160.46,worsening,2023,2025,2021,2025,63.9,63.6
Solapur,Maharashtra,46.33058052735248,95.31383514404295,74.13941354751587,131.99948120117188,0.3901429491738478,0.4444834567606449,10.113965380191804,2.934654935201009,205.37366666666668,311.46,2025,cams_gap_fill,December,2021,35.81988322979361,co,Satisfactory,Moderate,Good,Good,,,Poor,0,Low,0.05,0.04,0.0,12.65,0.43,25.95,11.65,28.2,24.7,54.5,20.08,Low,2026-07-08T10:43:19.313889+00:00,52.52761936187744,36.19,worsening,2023,2025,2021,2025,29.9,21.4
Sonbhadra,UttarPradesh,84.68571554500002,211.343978881836,153.7906504313151,298.80743408203125,1.060308109720548,1.4881463234623271,25.482426373163857,2.799970241387685,316.59933333333333,441.4,2025,cams_gap_fill,January,2024,53.56793010925606,co,Moderate,Very Poor,Good,Good,,,Very Poor,1,Low,0.0,0.0,0.0,0.0,0.0,20.2,9.6,15.3,29.95,44.5,27.52,Medium,2026-07-08T10:43:19.313889+00:00,109.3819686041938,120.32,worsening,2023,2025,2021,2025,72.5,67.7
Sonipat,Haryana,119.40480270547646,251.91766357421875,203.97843081156407,352.08856201171875,1.5053673704465231,2.4519135018189746,30.730023209253947,2.7058722635110217,351.3111666666666,443.09,2025,cams_gap_fill,January,2024,94.89479899018257,co,Poor,Very Poor,Good,Good,,,Very Poor,1,Low,0.03,0.01,0.0,0.41,0.27,20.95,12.75,39.3,16.8,53.3,34.08,Medium,2026-07-08T10:43:19.313889+00:00,143.22682592603894,71.74,worsening,2023,2025,2021,2025,87.1,87.0
Sonitpur,Assam,34.585222619231004,81.59827423095703,59.04447631835937,120.49861145019533,0.3611479595303535,0.2328252244740724,13.234660387039185,2.2147861818472543,242.7623333333333,332.34,2025,cams_gap_fill,February,2025,26.24043742795277,co,Satisfactory,Satisfactory,Good,Good,,,Poor,0,Low,0.47,0.07,0.29,5.05,2.15,24.65,10.3,13.1,41.2,63.6,22.35,Low,2026-07-08T10:43:19.313889+00:00,42.95922051535712,66.14,worsening,2023,2025,2021,2025,11.1,41.9
South24Parganas,WestBengal,83.33951502440003,274.9226989746094,145.53524227142333,389.2142333984375,0.5961832930644353,0.948194148639838,23.8266013065974,3.373999579747518,270.50516666666664,452.35,2025,cams_gap_fill,December,2025,56.96112569079078,co,Moderate,Very Poor,Good,Good,,,Poor,0,Low,,,,,,,,,,,26.1,Medium,2026-07-08T10:43:19.313889+00:00,105.62277592553032,88.28,worsening,2023,2025,2021,2025,71.9,61.4
SouthAndaman,AndamanandNicobar,15.961277546282968,23.083152770996094,19.364263757069907,33.129478454589844,0.0034772249394639,0.0170244036319975,3.8212122499942778,2.7303717732429504,122.11616666666669,169.88,2025,cams_gap_fill,February,2021,21.002476451896243,co,Good,Good,Good,Good,,,Moderate,0,Low,,,,,,24.95,18.25,39.0,35.2,57.7,13.28,Low,2026-07-08T10:43:19.313889+00:00,13.54715289009942,-34.49,improving,2023,2025,2021,2025,3.1,1.6
SouthGaroHills,Meghalaya,53.64030853418646,213.6407165527344,86.96482664744059,320.280029296875,0.4297039931019147,0.3422140712539355,15.919182737668356,2.4784194906552632,254.1171666666667,429.63,2025,cams_gap_fill,March,2021,42.7996082569339,co,Satisfactory,Moderate,Good,Good,,,Poor,0,Low,,,,,,19.3,18.25,6.9,30.2,56.2,22.26,Low,2026-07-08T10:43:19.313889+00:00,63.00280507405599,44.64,worsening,2023,2025,2021,2025,47.5,41.4
SouthGoa,Goa,34.97868244414796,59.68256378173828,51.15602086385091,83.31820678710938,0.2292954154933492,0.247112890643378,8.513027934233348,3.070948207378388,185.0775,303.01,2025,cams_gap_fill,February,2023,30.83318650666845,co,Satisfactory,Satisfactory,Good,Good,,,Moderate,0,Low,,,,,,26.35,22.15,34.6,9.7,37.6,18.89,Low,2026-07-08T10:43:19.313889+00:00,35.85185612572564,2.32,stable,2023,2025,2021,2025,11.5,13.5
SouthSikkim,Sikkim,60.05513278393824,133.05929565429688,104.294509379069,187.3170928955078,0.6517461468776067,0.5252368301153183,24.477502489089964,2.5429396947224934,317.1356666666667,428.65,2025,cams_gap_fill,January,2023,43.73820922936722,co,Moderate,Poor,Good,Good,,,Very Poor,0,Low,,,,,,,,,,,25.17,Medium,2026-07-08T10:43:19.313889+00:00,75.31266408496433,88.88,worsening,2023,2025,2021,2025,55.9,56.5
SouthTripura,Tripura,71.00335025200405,164.66036987304688,101.82862126032512,247.2873992919922,0.4645134051640828,0.4345842018723488,16.41347195704778,2.5975287437438963,256.96133333333336,407.27,2025,cams_gap_fill,April,2023,66.03990044453046,co,Moderate,Poor,Good,Good,,,Poor,0,Low,,,,,,23.3,19.3,22.8,52.65,66.5,25.21,Medium,2026-07-08T10:43:19.313889+00:00,74.05735550986395,-3.61,stable,2023,2025,2021,2025,66.6,56.8
SouthWestGaroHills,Meghalaya,68.63121282225514,155.00128173828125,117.41083265940348,288.2053527832031,0.5978782311081886,0.4888459280133247,20.46769516468048,2.4769389629364014,286.0013333333334,425.1,2025,cams_gap_fill,March,2021,51.24278988333686,co,Moderate,Poor,Good,Good,,,Poor,0,Low,,,,,,16.8,14.8,9.0,31.75,62.5,24.45,Low,2026-07-08T10:43:19.313889+00:00,83.55817413330078,61.54,worsening,2023,2025,2021,2025,64.5,55.0
SouthWestKhasiHills,Meghalaya,42.915226689309605,119.83509063720705,72.82203499476115,229.6206970214844,0.4254214284320672,0.325485053534309,14.198009236653643,2.467559637626012,244.92316666666665,406.45,2025,cams_gap_fill,March,2021,33.06490731836642,co,Satisfactory,Moderate,Good,Good,,,Poor,0,Low,,,,,,18.75,6.6,8.9,56.85,58.9,18.77,Low,2026-07-08T10:43:19.313889+00:00,52.36139472325643,54.3,worsening,2023,2025,2021,2025,24.9,13.0
Srikakulam,AndhraPradesh,46.21362568012013,106.69822692871094,78.34931131998698,150.6802520751953,0.4253879311184088,0.7822383061051369,12.71906610329946,3.560322193304698,230.2175,385.3,2025,cams_gap_fill,December,2025,33.47000956237651,co,Satisfactory,Moderate,Good,Good,,,Poor,0,Low,0.04,0.13,0.0,0.0,0.55,22.5,17.5,27.2,14.2,62.6,21.6,Low,2026-07-08T10:43:19.313889+00:00,56.811245123545326,70.54,worsening,2023,2025,2021,2025,29.6,36.4
Srinagar,JammuandKashmir,27.688058147555083,44.8287467956543,44.72119286855062,63.25624465942383,0.5056647554039955,0.3584554009139538,12.437669372558592,3.2038872996966044,233.87266666666667,325.68,2025,cams_gap_fill,January,2021,22.356135535016595,co,Good,Satisfactory,Good,Good,,,Poor,0,Low,0.08,0.02,0.0,12.17,0.58,19.1,6.55,27.8,19.2,51.7,17.42,Low,2026-07-08T10:43:19.313889+00:00,31.737776438395183,33.9,worsening,2023,2025,2021,2025,6.7,8.0
Subarnapur,Odisha,56.06389274011863,110.39605712890624,85.05466095606486,155.59095764160156,0.7132742270827294,0.7783217509587605,14.368125748634338,2.883055170377096,246.01616666666663,388.2,2025,cams_gap_fill,December,2025,46.89208064237527,co,Satisfactory,Moderate,Good,Good,,,Poor,12,Moderate,0.1,0.12,0.0,21.64,0.81,21.45,12.9,21.7,28.65,58.8,24.97,Low,2026-07-08T10:43:19.313889+00:00,62.20166619618734,24.21,worsening,2023,2025,2021,2025,51.0,56.1
Sukma,Chhattisgarh,38.19631091507448,67.47692108154297,60.43382148742676,96.12005615234376,0.3378471133609613,0.3398313492536545,10.197736100355783,2.795655431350072,204.944,330.34,2025,cams_gap_fill,December,2025,31.240296781932308,co,Satisfactory,Moderate,Good,Good,,,Poor,0,Low,0.01,0.01,0.0,16.12,0.07,16.3,6.25,3.8,53.1,78.4,16.29,Low,2026-07-08T10:43:19.313889+00:00,43.58661603927612,31.75,worsening,2023,2025,2021,2025,15.1,5.8
Sultanpur,UttarPradesh,127.2184880525902,287.6344299316406,218.0883490244548,408.9983825683594,1.1423858374357223,1.4925589978694915,34.354422394434614,3.060221509138743,353.10183333333333,461.11,2025,cams_gap_fill,January,2024,91.63675673627904,co,Very Poor,Very Poor,Good,Good,,,Very Poor,2,Low,0.0,0.0,0.0,0.0,0.0,22.45,15.1,22.9,30.85,50.2,35.41,Medium,2026-07-08T10:43:19.313889+00:00,155.23943975236682,78.19,worsening,2023,2025,2021,2025,90.4,90.1
Sundargarh,Odisha,57.52677008772283,111.3226318359375,85.31296571095784,157.3412322998047,0.7748344937960306,0.802486447741588,14.874780225753783,2.797591012716293,250.0885,395.56,2025,cams_gap_fill,December,2025,48.992460273497386,co,Satisfactory,Moderate,Good,Good,,,Poor,0,Low,0.09,0.11,0.0,11.52,0.75,23.2,13.0,19.6,37.05,69.8,23.5,Low,2026-07-08T10:43:19.313889+00:00,62.88181251949735,17.03,worsening,2023,2025,2021,2025,53.4,49.3
Supaul,Bihar,107.43393161164084,281.0538024902344,190.48221728007,397.1398010253906,0.7636477420727412,0.8516185452540715,33.250944081942244,2.936710405349732,340.086,467.52,2025,cams_gap_fill,January,2024,73.94859084464277,co,Poor,Very Poor,Good,Good,,,Very Poor,0,Low,0.1,0.12,0.02,8.66,1.0,12.85,14.15,9.4,32.2,60.7,32.08,Medium,2026-07-08T10:43:19.313889+00:00,136.18826495276556,102.9,worsening,2023,2025,2021,2025,83.3,80.5
Surajpur,Chhattisgarh,46.22127909317048,87.44966125488281,66.3768193880717,120.83213806152344,0.529139998058478,0.4083948783576488,11.904962197939556,2.8721556504567465,223.109,355.64,2025,cams_gap_fill,January,2024,40.323273521177214,co,Satisfactory,Moderate,Good,Good,,,Poor,0,Low,0.01,0.01,0.0,16.12,0.07,27.95,10.7,14.7,34.05,60.7,20.4,Low,2026-07-08T10:43:19.313889+00:00,48.629486083984375,14.2,worsening,2023,2025,2021,2025,29.7,23.7
Surat,Gujarat,61.28696252006871,144.44827270507812,103.03458766937256,201.85601806640625,0.4687021464109421,0.785261245071888,14.035672012964884,2.891085370381673,236.37316666666663,385.72,2025,cams_gap_fill,January,2021,43.81161519037212,co,Moderate,Poor,Good,Good,,,Poor,0,Low,0.18,0.09,0.01,27.94,0.92,23.0,15.35,25.1,20.1,69.0,23.97,Low,2026-07-08T10:43:19.313889+00:00,72.84915341271295,60.48,worsening,2023,2025,2021,2025,57.8,52.7
Surendranagar,Gujarat,48.418389090101535,119.96760559082033,73.90936012268067,165.5985107421875,0.738324111700058,1.6017214039961496,8.823490564028422,2.329121466477712,187.833,319.76,2025,cams_gap_fill,December,2025,42.504044960237714,co,Satisfactory,Moderate,Good,Good,,,Moderate,0,Low,0.12,0.09,0.01,27.94,0.75,15.9,17.85,20.7,26.1,55.6,19.55,Low,2026-07-08T10:43:19.313889+00:00,51.97411410013834,22.57,worsening,2023,2025,2021,2025,34.0,17.5
Surguja,Chhattisgarh,44.82313830666719,87.44966125488281,66.3768193880717,120.83213806152344,0.529139998058478,0.4083948783576488,11.904962197939556,2.8721556504567465,223.109,355.64,2025,cams_gap_fill,January,2024,38.51182489245805,co,Satisfactory,Moderate,Good,Good,,,Poor,0,Low,0.01,0.01,0.0,16.12,0.07,33.0,10.75,15.3,36.65,58.3,21.0,Low,2026-07-08T10:43:19.313889+00:00,48.629486083984375,22.76,worsening,2023,2025,2021,2025,27.4,29.4
Tamenglong,Manipur,43.75908762356091,236.0485076904297,84.02264493306478,576.8284912109375,0.3979913368821144,0.2892665276924768,18.162565151850384,1.994567000865936,256.3205,500.0,2025,cams_gap_fill,March,2021,30.047847227252,co,Satisfactory,Moderate,Good,Good,,,Poor,0,Low,0.02,0.12,0.04,0.0,0.67,25.45,12.2,24.4,34.7,27.3,22.18,Low,2026-07-08T10:43:19.313889+00:00,56.62238587273492,97.19,worsening,2023,2025,2021,2025,26.0,41.1
Tapi,Gujarat,52.11129284702464,104.93096923828124,84.74632581075032,149.33009338378906,0.4648935213685036,0.5770514917870363,11.858047238985698,2.717928006251653,222.17283333333336,363.25,2025,cams_gap_fill,January,2021,39.68043150238416,co,Satisfactory,Moderate,Good,Good,,,Poor,0,Low,0.18,0.09,0.01,27.94,0.92,26.6,17.0,12.6,23.2,77.4,23.08,Low,2026-07-08T10:43:19.313889+00:00,59.3409537739224,38.22,worsening,2023,2025,2021,2025,44.1,46.1
TarnTaran,Punjab,119.66822706274084,263.8157958984375,215.37653198242188,406.6580505371094,1.1903306444485982,1.1351353426774342,37.31542782783508,3.007886775334676,366.51883333333336,465.56,2025,cams_gap_fill,January,2024,78.5734511192014,co,Poor,Very Poor,Good,Good,,,Very Poor,0,Low,,,,,,33.6,11.25,39.0,3.45,61.7,35.81,Medium,2026-07-08T10:43:19.313889+00:00,151.51827727423773,95.17,worsening,2023,2025,2021,2025,87.3,90.8
Tawang,ArunachalPradesh,10.501154833786224,20.82195472717285,11.220723986625671,29.8257064819336,0.1040666087220112,0.0239277894298235,6.851488780975342,3.3208251078923543,161.35533333333333,237.83,2025,cams_gap_fill,February,2025,15.81415435881983,co,Good,Good,Good,Good,,,Moderate,0,Low,0.0,0.0,0.0,0.0,0.0,33.35,6.5,35.4,14.55,59.1,13.7,Low,2026-07-08T10:43:19.313889+00:00,8.082452502515581,-54.81,improving,2023,2025,2021,2025,1.0,1.8
TehriGarhwal,Uttarakhand,30.810150817092005,48.02755355834961,40.85535459518432,74.73424530029297,0.5390445272127787,0.4158273448546727,10.233867931365968,3.2485336661338806,205.30616666666663,298.91,2025,cams_gap_fill,November,2024,32.15802976070737,co,Satisfactory,Satisfactory,Good,Good,,,Poor,0,Low,,,,,,27.0,10.4,20.9,22.45,42.2,17.55,Low,2026-07-08T10:43:19.313889+00:00,28.565392388237846,-26.26,improving,2023,2025,2021,2025,8.3,8.7
Thane,Maharashtra,78.8878669986067,172.6999053955078,148.67023328145345,243.45635986328125,1.1504225611686707,1.8097513208786649,23.26054027080536,2.309543295701345,307.5085,414.87,2025,cams_gap_fill,January,2021,45.760008834001134,co,Moderate,Very Poor,Good,Good,,,Very Poor,0,Low,0.24,0.04,0.0,29.03,0.97,27.1,14.8,30.7,15.55,58.8,29.56,Medium,2026-07-08T10:43:19.313889+00:00,104.73268201616077,142.51,worsening,2023,2025,2021,2025,69.7,75.1
Thanjavur,TamilNadu,30.025523256326064,55.6923942565918,47.25469214121501,79.1462173461914,0.2494082522888978,0.3113576292991638,7.179600993792216,3.006410034497579,165.81883333333332,277.89,2025,cams_gap_fill,December,2025,27.35574074618968,co,Satisfactory,Satisfactory,Good,Good,,,Moderate,0,Low,0.03,0.02,0.01,0.16,0.2,31.7,26.15,42.8,15.0,59.0,19.23,Low,2026-07-08T10:43:19.313889+00:00,32.847337351904976,30.53,worsening,2023,2025,2021,2025,7.5,15.7
TheDangs,Gujarat,48.86450485003891,104.93096923828124,84.74632581075032,149.33009338378906,0.4648935213685036,0.5770514917870363,11.858047238985698,2.717928006251653,222.17283333333336,363.25,2025,cams_gap_fill,January,2021,34.54902461512505,co,Satisfactory,Moderate,Good,Good,,,Poor,0,Low,,,,,,23.5,7.95,8.1,31.65,77.2,19.49,Low,2026-07-08T10:43:19.313889+00:00,59.3409537739224,70.08,worsening,2023,2025,2021,2025,35.5,17.2
TheNilgiris,TamilNadu,50.89640300009237,114.28801727294922,106.68941294352211,169.722900390625,0.7222246731321017,0.7269434824585914,17.242300883928934,2.0968520919481914,272.766,374.9,2025,cams_gap_fill,November,2022,20.67287162502265,co,Satisfactory,Poor,Good,Good,,,Poor,0,Low,,,,,,33.55,14.3,39.5,14.15,44.2,24.23,Low,2026-07-08T10:43:19.313889+00:00,75.9083743625217,443.71,worsening,2023,2025,2021,2025,40.7,54.0
Theni,TamilNadu,39.46381510993987,81.59542846679688,71.44284152984619,115.38298797607422,0.5259229357043902,0.4610637709498405,11.878174869219462,2.0521906475226084,225.953,338.93,2025,cams_gap_fill,December,2025,25.76578031639261,co,Satisfactory,Moderate,Good,Good,,,Poor,0,Low,0.0,0.02,0.0,0.0,0.07,32.15,23.0,45.2,12.8,41.2,22.18,Low,2026-07-08T10:43:19.313889+00:00,51.15159718195597,141.92,worsening,2023,2025,2021,2025,18.6,41.1
Thiruvallur,TamilNadu,47.66973438145586,94.7798309326172,86.29689286549886,134.45103454589844,0.5345206702748935,0.7092510481675466,12.626074441274008,2.870376479625702,233.24816666666663,330.52,2025,cams_gap_fill,January,2024,33.27732398196372,co,Satisfactory,Moderate,Good,Good,,,Poor,0,Low,0.07,0.02,0.01,42.44,0.33,29.4,22.95,48.6,10.0,56.8,23.42,Low,2026-07-08T10:43:19.313889+00:00,60.260016759236656,116.17,worsening,2023,2025,2021,2025,32.2,48.4
Thiruvananthapuram,Kerala,28.639361070928672,55.60326385498047,47.44196834564209,78.76399993896484,0.2150420174002647,0.2395449449618657,7.157245592276255,2.9096906383832297,165.88083333333333,289.45,2025,cams_gap_fill,December,2025,24.663617592393148,co,Good,Satisfactory,Good,Good,,,Moderate,0,Low,0.24,0.04,0.0,6.83,1.62,31.75,31.15,50.6,7.9,33.0,21.95,Low,2026-07-08T10:43:19.313889+00:00,33.15456300311618,57.32,worsening,2023,2025,2021,2025,6.8,39.5
Thiruvarur,TamilNadu,29.902899660901205,55.6923942565918,47.25469214121501,79.1462173461914,0.2494082522888978,0.3113576292991638,7.179600993792216,3.006410034497579,165.81883333333332,277.89,2025,cams_gap_fill,December,2025,27.222725278571367,co,Good,Satisfactory,Good,Good,,,Moderate,0,Low,0.1,0.02,0.01,42.44,0.43,27.4,26.2,37.2,17.9,58.2,18.92,Low,2026-07-08T10:43:19.313889+00:00,32.847337351904976,33.32,worsening,2023,2025,2021,2025,7.2,13.6
Thoothukkudi,TamilNadu,34.94013674169518,63.175819396972656,56.65069154103597,89.73351287841797,0.4391973947485288,0.5494333386421204,8.516494194666544,2.658979707956314,183.34216666666669,298.21,2025,cams_gap_fill,December,2025,30.4159925628744,co,Satisfactory,Satisfactory,Good,Good,,,Moderate,0,Low,0.17,0.03,0.01,0.16,0.67,26.35,23.7,43.4,9.95,55.9,20.06,Low,2026-07-08T10:43:19.313889+00:00,39.59637223349677,44.49,worsening,2023,2025,2021,2025,11.4,21.0
Thoubal,Manipur,46.74451101272825,236.0485076904297,84.02264493306478,576.8284912109375,0.3979913368821144,0.2892665276924768,18.162565151850384,1.994567000865936,256.3205,500.0,2025,cams_gap_fill,March,2021,36.16391373918005,co,Satisfactory,Moderate,Good,Good,,,Poor,0,Low,0.19,0.12,0.04,0.0,1.13,28.3,11.75,31.3,53.2,24.2,23.58,Low,2026-07-08T10:43:19.313889+00:00,56.62238587273492,53.52,worsening,2023,2025,2021,2025,30.6,50.0
Thrissur,Kerala,53.55722469966665,120.1724853515625,106.53599561055502,171.2812042236328,0.6439530571301778,0.7088787972927093,16.911302916208903,2.317128495375316,269.7625,383.54,2025,cams_gap_fill,December,2025,26.63717504416684,co,Satisfactory,Poor,Good,Good,,,Poor,0,Low,0.14,0.0,0.0,6.83,0.52,34.1,30.0,42.8,10.05,44.4,27.64,Medium,2026-07-08T10:43:19.313889+00:00,75.64596483442519,268.37,worsening,2023,2025,2021,2025,47.0,68.6
Tikamgarh,MadhyaPradesh,56.0850757214201,119.36040496826172,85.53232351938884,168.54165649414062,0.5481077070037524,0.4713006123900413,13.72546483675639,2.8353158553441364,238.2493333333333,402.29,2025,cams_gap_fill,January,2024,49.28747292666663,co,Satisfactory,Moderate,Good,Good,,,Poor,9,Low,0.02,0.0,0.0,0.0,0.07,13.65,13.55,10.4,29.75,49.1,21.97,Low,2026-07-08T10:43:19.313889+00:00,62.32835351096259,26.57,worsening,2023,2025,2021,2025,51.3,39.7
Tinsukia,Assam,25.414119787534723,73.50733947753906,43.2327784538269,231.99038696289065,0.2536454195777575,0.2275169154008229,10.674283496538798,1.9752493262290955,207.0641666666667,419.57,2025,cams_gap_fill,March,2021,20.335715330652786,co,Good,Satisfactory,Good,Good,,,Poor,0,Low,0.35,0.07,0.0,5.05,1.28,18.2,16.7,16.9,37.1,72.8,18.5,Low,2026-07-08T10:43:19.313889+00:00,29.450098938412136,22.46,worsening,2023,2025,2021,2025,5.9,11.5
Tirap,ArunachalPradesh,42.34447739899682,172.604736328125,86.55520207087199,370.119140625,0.461610110104084,0.5391865362723668,17.092165358861287,2.0765407105286915,266.7176666666667,436.09,2025,cams_gap_fill,January,2022,26.058147804956537,co,Satisfactory,Moderate,Good,Good,,,Poor,0,Low,0.0,0.0,0.0,0.0,0.0,28.4,9.65,28.3,28.75,32.0,21.48,Low,2026-07-08T10:43:19.313889+00:00,56.56811115476821,122.04,worsening,2023,2025,2021,2025,24.1,35.1
Tiruchirappalli,TamilNadu,45.74067614331613,83.85882568359375,82.50159962972005,122.25032806396484,0.7837501933177312,0.9734567681948344,12.261397020022075,2.3424442847569784,231.78233333333336,322.79,2025,cams_gap_fill,December,2025,30.99193954943033,co,Satisfactory,Moderate,Good,Good,,,Poor,0,Low,0.01,0.0,0.0,0.0,0.03,25.15,24.6,33.5,11.65,62.4,22.31,Low,2026-07-08T10:43:19.313889+00:00,58.12291288375855,118.57,worsening,2023,2025,2021,2025,28.6,41.6
Tirunelveli,TamilNadu,42.38861452245549,94.04816436767578,76.6148817062378,132.68206787109375,0.5195920507113139,0.47178623949488,11.94925586382548,2.286732838551204,224.97216666666665,350.88,2025,cams_gap_fill,December,2025,28.872908122741933,co,Satisfactory,Moderate,Good,Good,,,Poor,0,Low,0.14,0.03,0.01,0.16,0.58,23.8,21.65,40.2,8.5,51.0,21.8,Low,2026-07-08T10:43:19.313889+00:00,54.41516828536987,124.71,worsening,2023,2025,2021,2025,24.3,38.1
Tiruppur,TamilNadu,41.38539328296556,76.94933319091797,71.78863960901896,113.8376235961914,0.5213122377792995,0.4851715410749117,11.667230633894604,2.241587843497594,224.984,324.46,2025,cams_gap_fill,December,2025,29.316352761694088,co,Satisfactory,Moderate,Good,Good,,,Poor,0,Low,0.1,0.0,0.0,0.0,0.33,27.85,18.45,45.0,14.25,55.2,21.43,Low,2026-07-08T10:43:19.313889+00:00,50.92699612511529,85.66,worsening,2023,2025,2021,2025,22.5,34.2
Tiruvannamalai,TamilNadu,47.62333348227542,97.25968170166016,87.99297364552815,137.55445861816406,0.6783397237459818,0.7215034718314807,13.15141045252482,2.556341278553009,240.8283333333333,336.31,2025,cams_gap_fill,February,2023,31.88498501437937,co,Satisfactory,Moderate,Good,Good,,,Poor,0,Low,0.0,0.02,0.0,0.0,0.07,22.5,20.3,37.8,11.0,56.6,21.91,Low,2026-07-08T10:43:19.313889+00:00,61.48311212327745,132.16,worsening,2023,2025,2021,2025,32.1,38.9
Tonk,Rajasthan,71.6219638674867,147.2345428466797,114.14367224375408,207.4254302978516,0.770625776052475,0.6729396492242813,17.638746841748556,2.626573580503464,269.3041666666667,411.65,2025,cams_gap_fill,December,2025,61.1043745546593,co,Moderate,Poor,Good,Good,,,Poor,16,Moderate,0.07,0.03,0.0,4.32,0.52,18.4,6.15,10.0,28.1,52.8,26.53,Medium,2026-07-08T10:43:19.313889+00:00,81.04022068447537,35.74,worsening,2023,2025,2021,2025,66.9,63.5
Tuensang,Nagaland,27.246512403801617,116.93321228027344,55.70456315676371,445.3065490722656,0.1607269277175267,0.0767457497771828,11.864815239111582,2.0308154066403707,207.412,455.45,2025,cams_gap_fill,March,2022,23.579705964923765,co,Good,Satisfactory,Good,Good,,,Poor,0,Low,0.02,0.0,0.0,1.42,0.07,22.35,8.45,10.8,32.55,28.8,16.3,Low,2026-07-08T10:43:19.313889+00:00,31.478208753797745,10.36,worsening,2023,2025,2021,2025,6.5,5.9
Tumkur,Karnataka,35.34367787497384,70.48328399658203,59.09836746851603,99.64736938476562,0.4761272748311361,0.3740925682087739,9.846563172340392,2.5862802724043528,201.9163333333333,309.79,2025,cams_gap_fill,December,2025,27.464808107893912,co,Satisfactory,Satisfactory,Good,Good,,,Poor,0,Low,0.08,0.02,0.0,13.31,0.4,30.7,17.65,30.4,18.25,49.3,20.19,Low,2026-07-08T10:43:19.313889+00:00,41.94765694936117,67.75,worsening,2023,2025,2021,2025,12.1,22.5
Udaipur,Rajasthan,50.16537935306963,95.57135772705078,77.66976591746013,134.21327209472656,0.4716691608230273,0.3905248435835043,11.04640764395396,2.370353867610296,213.39166666666668,346.02,2025,cams_gap_fill,January,2024,43.41406087650187,co,Satisfactory,Moderate,Good,Good,,,Poor,0,Low,0.12,0.03,0.0,4.32,0.67,15.45,9.65,9.1,23.5,60.5,19.35,Low,2026-07-08T10:43:19.313889+00:00,55.1356782913208,31.44,worsening,2023,2025,2021,2025,38.8,16.0
Udalguri,Assam,39.023595974391405,88.52691650390625,67.46005506515503,146.58641052246094,0.4810169786214828,0.3134500448902448,15.235195271174112,2.269056179126104,262.1551666666667,355.38,2025,cams_gap_fill,January,2021,30.67396092517373,co,Satisfactory,Moderate,Good,Good,,,Poor,0,Low,0.43,0.07,0.0,5.05,1.47,21.15,15.05,14.0,31.5,81.5,22.83,Low,2026-07-08T10:43:19.313889+00:00,48.15155262417264,55.3,worsening,2023,2025,2021,2025,17.5,45.0
UdhamSinghNagar,Uttarakhand,75.44329993192696,159.71990966796875,128.60114917755126,225.4771728515625,0.798280730843544,0.718739942709605,23.874269930521645,2.5862090865770977,319.672,432.6,2025,cams_gap_fill,January,2024,55.26952756275889,co,Moderate,Very Poor,Good,Good,,,Very Poor,0,Low,,,,,,26.2,16.1,35.4,18.5,51.0,28.22,Medium,2026-07-08T10:43:19.313889+00:00,90.3431765238444,57.7,worsening,2023,2025,2021,2025,67.9,71.0
Udhampur,JammuandKashmir,53.93520511707676,118.59302520751952,98.8738659540812,167.2724609375,0.6567643076181412,0.4812759851415952,19.5540668964386,2.498807615041733,297.1838333333333,407.97,2025,cams_gap_fill,January,2024,32.51993894778224,co,Satisfactory,Poor,Good,Good,,,Poor,0,Low,0.08,0.02,0.0,12.17,0.55,19.2,9.35,29.3,24.95,56.5,23.5,Low,2026-07-08T10:43:19.313889+00:00,71.15538427564833,141.71,worsening,2023,2025,2021,2025,48.2,49.3
Udupi,Karnataka,31.58654959228848,57.34625244140625,50.82078943252564,80.65361022949219,0.2815735620756944,0.2567739114165305,8.79684358437856,2.538087232907613,188.6063333333333,301.16,2025,cams_gap_fill,February,2023,24.56056935974412,co,Satisfactory,Satisfactory,Good,Good,,,Moderate,0,Low,0.22,0.02,0.0,13.31,0.81,31.85,17.2,22.9,12.2,47.3,19.92,Low,2026-07-08T10:43:19.313889+00:00,35.97066640853882,37.97,worsening,2023,2025,2021,2025,8.9,19.7
Ujjain,MadhyaPradesh,54.79038425960778,101.4513168334961,86.05206966400146,143.30670166015625,0.4181680887937545,0.5050866454839706,11.963168009122212,2.8045599003632864,225.58716666666663,350.06,2025,cams_gap_fill,January,2024,44.389374113195046,co,Satisfactory,Moderate,Good,Good,,,Poor,0,Low,0.0,0.0,0.0,0.0,0.0,24.15,9.5,15.2,21.4,54.5,20.67,Low,2026-07-08T10:43:19.313889+00:00,61.67619021733602,36.17,worsening,2023,2025,2021,2025,49.3,26.0
Ukhrul,Manipur,32.23033522366382,129.84646606445312,54.90463975270589,265.4513854980469,0.2445901234944661,0.1667871143048008,13.055416456858318,1.7651440292596816,227.948,430.96,2025,cams_gap_fill,March,2021,26.023758061760827,co,Satisfactory,Satisfactory,Good,Good,,,Poor,0,Low,0.02,0.12,0.0,0.0,0.55,23.65,9.8,14.5,51.0,21.9,18.84,Low,2026-07-08T10:43:19.313889+00:00,38.24451202816434,46.56,worsening,2023,2025,2021,2025,9.3,13.2
Umaria,MadhyaPradesh,47.89429407438125,92.04056549072266,72.8571715037028,130.01876831054688,0.7653546387950579,1.066702195505301,12.425077191988628,2.776697979370753,229.22066666666663,358.27,2025,cams_gap_fill,January,2024,39.95649507488858,co,Satisfactory,Moderate,Good,Good,,,Poor,1,Low,0.0,0.0,0.0,0.0,0.0,21.5,11.25,14.6,36.5,51.5,20.03,Low,2026-07-08T10:43:19.313889+00:00,52.51389996210734,26.69,worsening,2023,2025,2021,2025,32.7,20.9
Una,HimachalPradesh,72.09040540679045,164.4072265625,130.8191129684448,232.3511199951172,1.078341586391131,1.2401183674732843,24.74625010490417,2.714769093195597,325.5673333333333,436.59,2025,cams_gap_fill,January,2024,45.40541019500219,co,Moderate,Very Poor,Good,Good,,,Very Poor,0,Low,0.0,0.0,0.0,0.0,0.0,27.15,20.25,41.2,15.9,60.8,28.84,Medium,2026-07-08T10:43:19.313889+00:00,93.45728725857204,118.57,worsening,2023,2025,2021,2025,67.3,72.5
Unnao,UttarPradesh,135.41529019492933,321.4459228515625,240.56644350687665,454.8140869140625,1.2949311921993891,1.8671267161766687,39.117109616597496,2.779523289203644,366.77333333333337,488.66,2025,cams_gap_fill,January,2024,93.06372355792485,co,Very Poor,Very Poor,Good,Good,,,Very Poor,3,Low,0.01,0.1,0.0,0.0,0.37,21.7,9.45,20.6,30.2,48.9,36.71,Medium,2026-07-08T10:43:19.313889+00:00,170.32549921671549,95.9,worsening,2023,2025,2021,2025,93.0,92.9
Unokoti,Tripura,60.48185308549864,240.9022674560547,100.85951124827066,630.7185668945312,0.4403502434492111,0.3762127213180065,19.758558130264284,2.205193463961284,264.66016666666667,500.0,2025,cams_gap_fill,March,2021,48.36491225569667,co,Moderate,Poor,Good,Good,,,Poor,0,Low,0.09,0.16,0.0,0.0,0.78,,,,,,24.29,Low,2026-07-08T10:43:19.313889+00:00,70.16985289255778,28.49,worsening,2023,2025,2021,2025,56.7,54.3
UpperSiang,ArunachalPradesh,12.68353368505254,32.31575012207031,20.23997057278951,46.90388488769531,0.1554407265037297,0.0642957653229434,7.25693420569102,2.1625173330307006,166.304,220.8,2025,cams_gap_fill,February,2025,10.188274668369973,co,Good,Good,Good,Good,,,Moderate,0,Low,,,,,,28.9,8.9,27.3,40.25,29.2,13.85,Low,2026-07-08T10:43:19.313889+00:00,15.10445499420166,37.61,worsening,2023,2025,2021,2025,2.4,2.1
UpperSubansiri,ArunachalPradesh,8.555451514170823,17.038740158081055,9.214553888638816,29.6243953704834,0.0932253183797001,0.0205875942716374,6.1753325661023455,2.534985814491908,152.7305,213.69,2025,cams_gap_fill,February,2025,11.34150087393413,co,Good,Good,Good,Good,,,Moderate,0,Low,,,,,,31.45,8.6,25.0,37.55,36.7,13.15,Low,2026-07-08T10:43:19.313889+00:00,6.797075119283464,-53.53,improving,2023,2025,2021,2025,0.4,1.5
UttarBastarKanker,Chhattisgarh,46.54365424398648,77.3532485961914,64.84134623209636,108.71593475341795,0.3371465843170881,0.3697417939702669,10.417850387096404,3.131800901889801,207.94416666666663,325.35,2025,cams_gap_fill,December,2025,43.74455361236257,co,Satisfactory,Moderate,Good,Good,,,Poor,6,Low,,,,,,28.6,8.1,6.8,27.95,65.2,20.42,Low,2026-07-08T10:43:19.313889+00:00,47.255443043178985,-0.57,stable,2023,2025,2021,2025,30.2,23.9
UttarDinajpur,WestBengal,91.55173388824832,240.0292358398437,160.64182624816894,338.67578125,0.7780135621627172,0.7423810203870137,26.279089482625327,2.860154155890147,311.763,443.93,2025,cams_gap_fill,January,2024,62.41997630752376,co,Poor,Very Poor,Good,Good,,,Very Poor,0,Low,,,,,,20.05,16.2,14.6,29.65,72.4,28.93,Medium,2026-07-08T10:43:19.313889+00:00,115.4837817086114,95.72,worsening,2023,2025,2021,2025,75.3,72.8
UttaraKannada,Karnataka,33.23589035756996,59.68256378173828,51.15602086385091,83.31820678710938,0.2292954154933492,0.247112890643378,8.513027934233348,3.070948207378388,185.0775,303.01,2025,cams_gap_fill,February,2023,27.566144516852944,co,Satisfactory,Satisfactory,Good,Good,,,Moderate,0,Low,,,,,,26.0,13.25,22.6,18.3,44.6,17.29,Low,2026-07-08T10:43:19.313889+00:00,35.85185612572564,17.31,worsening,2023,2025,2021,2025,10.1,7.4
Uttarkashi,Uttarakhand,20.58303662000336,36.17305459856201,12.34171185607002,31.77821350097656,0.2504148004310471,0.1146909082530154,5.596305154618763,3.685754389989944,145.50488095238094,178.59,2025,sedac_calibrated,January,2025,27.144173632083163,co,Good,Good,Good,Good,,,Moderate,0,Low,0.3,0.01,0.0,8.76,1.51,21.7,9.55,21.5,18.8,60.9,15.26,Low,2026-07-08T10:43:19.313889+00:00,8.432450049453312,-73.99,improving,2023,2025,2021,2025,5.1,4.8
Uttarkashi,Uttarakhand,20.58303662000336,36.17305459856201,12.34171185607002,31.77821350097656,0.2504148004310471,0.1146909082530154,5.596305154618763,3.685754389989944,145.50488095238094,178.59,2025,sedac_calibrated,January,2025,27.144173632083163,co,Good,Good,Good,Good,,,Moderate,0,Low,0.3,0.01,0.0,8.76,1.51,21.7,9.55,21.5,18.8,60.9,15.26,Low,2026-07-08T10:43:19.313889+00:00,8.432450049453312,-73.99,improving,2023,2025,2021,2025,5.1,4.8
Vadodara,Gujarat,66.56517946221201,130.73013305664062,113.40025418599448,189.2753753662109,0.6611927901705106,0.9091574067870776,16.027400652567547,2.533280817667644,256.90366666666665,394.99,2025,cams_gap_fill,January,2021,46.66240771003602,co,Moderate,Poor,Good,Good,,,Poor,0,Low,0.17,0.09,0.01,27.94,0.89,24.05,15.85,27.6,17.95,72.3,25.62,Medium,2026-07-08T10:43:19.313889+00:00,80.77048937479655,72.82,worsening,2023,2025,2021,2025,62.4,59.2
Vaishali,Bihar,156.2662792936555,380.8497009277344,295.84179712931314,588.7978515625,1.351729025443395,2.0423042128483453,46.7197065671285,3.05508025487264,384.3875,500.0,2025,cams_gap_fill,January,2021,96.55181114753562,co,Very Poor,Severe,Good,Good,,,Very Poor,0,Low,0.16,0.16,0.02,7.9,1.25,18.5,15.35,16.9,25.1,63.1,41.15,Medium,2026-07-08T10:43:19.313889+00:00,206.1644719441732,146.92,worsening,2023,2025,2021,2025,98.5,98.5
Valsad,Gujarat,46.71021733767103,105.93141174316406,80.0590014775594,147.6441650390625,0.3324064130584399,0.4534959531078736,11.09576987028122,3.1478731095790864,213.85516666666663,347.83,2025,cams_gap_fill,January,2021,35.18535951614188,co,Satisfactory,Moderate,Good,Good,,,Poor,0,Low,0.17,0.09,0.0,24.94,0.86,26.55,15.4,21.3,18.8,75.7,21.76,Low,2026-07-08T10:43:19.313889+00:00,55.79876327514648,67.51,worsening,2023,2025,2021,2025,30.5,37.8
Varanasi,UttarPradesh,134.96643694515885,322.8715515136719,242.92733319600424,473.6012573242188,1.4119250863790511,2.114645553628604,38.54113030433655,2.851305921872457,364.3083333333333,480.95,2025,cams_gap_fill,January,2024,91.1644588705899,co,Very Poor,Very Poor,Good,Good,,,Very Poor,2,Low,0.01,0.0,0.0,0.0,0.03,23.05,10.95,22.6,21.95,37.6,36.32,Medium,2026-07-08T10:43:19.313889+00:00,171.66266939375134,97.25,worsening,2023,2025,2021,2025,92.9,91.8
Vellore,TamilNadu,41.37668991240064,77.28096008300781,75.03405977884928,109.37645721435548,0.5940256722271442,0.5372064736982186,12.071296191215517,2.477585969368617,230.06116666666668,318.12,2025,cams_gap_fill,December,2025,29.26857183414645,co,Satisfactory,Moderate,Good,Good,,,Poor,0,Low,0.01,0.0,0.0,0.0,0.03,25.75,20.9,45.4,9.35,50.6,21.24,Low,2026-07-08T10:43:19.313889+00:00,52.258335537380646,111.84,worsening,2023,2025,2021,2025,22.3,32.0
Vidisha,MadhyaPradesh,50.398770544707546,96.846435546875,75.42868900299072,136.74072265625,0.3723207977910837,0.3823559589684009,11.466539748509724,2.919059870640437,218.8985,359.05,2025,cams_gap_fill,January,2024,44.768652380459336,co,Satisfactory,Moderate,Good,Good,,,Poor,6,Low,0.02,0.0,0.0,0.0,0.07,17.65,13.15,19.8,31.4,38.5,20.55,Low,2026-07-08T10:43:19.313889+00:00,54.51097536087036,21.19,worsening,2023,2025,2021,2025,39.9,25.6
Viluppuram,TamilNadu,44.083424828800005,83.42205810546875,79.66133257548015,117.9509735107422,0.8422805776198705,1.264415939648946,11.52193755308787,2.5810045262177783,222.7878333333333,313.25,2025,cams_gap_fill,February,2023,31.34587914096808,co,Satisfactory,Moderate,Good,Good,,,Poor,0,Low,0.07,0.0,0.01,42.44,0.27,22.55,18.8,37.0,16.95,62.5,20.85,Low,2026-07-08T10:43:19.313889+00:00,55.71429083082411,112.65,worsening,2023,2025,2021,2025,26.6,27.5
Virudunagar,TamilNadu,39.58030262656506,70.38800048828125,68.24102160135905,105.6014633178711,0.4847954352696736,0.4532110467553139,10.579335912068684,2.4450861712296805,210.7935,310.6,2025,cams_gap_fill,December,2025,30.63857062024032,co,Satisfactory,Moderate,Good,Good,,,Poor,0,Low,0.29,0.0,0.0,0.0,0.89,,,,,,19.79,Low,2026-07-08T10:43:19.313889+00:00,47.897744019826256,78.32,worsening,2023,2025,2021,2025,18.9,19.3
Visakhapatnam,AndhraPradesh,41.927768836828925,92.68814086914062,70.62378946940105,130.94876098632812,0.5364731349050998,0.8748172263304392,11.761001869042714,2.808539638916652,221.69966666666667,362.83,2025,cams_gap_fill,December,2025,30.44269150763009,co,Satisfactory,Moderate,Good,Good,,,Poor,0,Low,0.04,0.09,0.01,10.28,0.81,26.55,17.6,23.8,14.55,58.0,21.76,Low,2026-07-08T10:43:19.313889+00:00,50.92490222718981,64.72,worsening,2023,2025,2021,2025,23.2,37.8
Vizianagaram,AndhraPradesh,48.741175803992505,102.89437866210938,82.24489536285401,145.2494354248047,0.5588672469059627,1.1791653841733931,13.523874433835347,2.9729135513305662,240.07116666666667,374.76,2025,cams_gap_fill,December,2025,35.35738310513838,co,Satisfactory,Moderate,Good,Good,,,Poor,0,Low,0.02,0.02,0.0,0.0,0.14,25.15,14.4,28.8,16.45,64.0,21.62,Low,2026-07-08T10:43:19.313889+00:00,59.41878339979384,68.05,worsening,2023,2025,2021,2025,34.9,36.8
Warangal,Telangana,48.10514685696764,99.43858337402344,84.67865708669027,143.64364624023438,0.9650526250402132,1.671749621629715,11.880287790298462,2.704543908437093,225.36983333333333,338.69,2025,cams_gap_fill,December,2025,32.8086615411341,co,Satisfactory,Moderate,Good,Good,,,Poor,2,Low,0.32,0.28,0.0,22.11,1.75,,,,,,23.04,Low,2026-07-08T10:43:19.313889+00:00,60.19410641988119,87.07,worsening,2023,2025,2021,2025,33.1,45.6
Wardha,Maharashtra,60.35855757590516,118.9591064453125,97.29078483581544,165.39784240722656,0.7458482518792152,1.1135959734519325,14.836108056704203,2.713907937208812,252.83316666666667,362.8,2025,cams_gap_fill,January,2024,45.869662357676425,co,Moderate,Poor,Good,Good,,,Poor,23,High,0.05,0.04,0.0,12.65,0.43,15.55,9.7,19.6,31.05,60.0,25.66,Medium,2026-07-08T10:43:19.313889+00:00,69.28209082285564,43.7,worsening,2023,2025,2021,2025,56.2,59.6
Washim,Maharashtra,50.87104919829306,100.003173828125,78.26281617482503,141.24502563476562,0.4429824076592922,0.4763037413358688,11.482232745488483,2.764188798268636,218.47433333333336,348.99,2025,cams_gap_fill,December,2025,40.89077900076619,co,Satisfactory,Moderate,Good,Good,,,Poor,0,Low,0.05,0.04,0.0,12.65,0.43,21.45,8.6,14.2,26.7,56.4,20.02,Low,2026-07-08T10:43:19.313889+00:00,56.21392822265625,26.51,worsening,2023,2025,2021,2025,40.5,20.6
Wayanad,Kerala,44.06039672229812,105.87393951416016,87.70324675242107,149.52769470214844,0.5695678532123566,0.5464958598216375,14.649965687592823,2.2772386570771537,247.2128333333333,371.45,2025,cams_gap_fill,December,2025,20.63273550057833,co,Satisfactory,Moderate,Good,Good,,,Poor,0,Low,0.19,0.0,0.0,6.83,0.67,28.55,18.1,26.7,18.3,26.9,23.21,Low,2026-07-08T10:43:19.313889+00:00,62.98023139105903,292.85,worsening,2023,2025,2021,2025,26.3,46.9
West,NCTofDelhi,201.49584153919545,502.1814880371094,381.0300097147624,708.5647583007812,2.077262218793233,4.532063949108124,54.85331711769104,2.476600541671117,415.7071666666667,500.0,2025,cams_gap_fill,February,2021,122.71911407007056,co,Very Poor,Severe,Good,Good,,,Severe,4,Low,0.0,0.0,0.0,0.0,0.89,28.95,13.65,40.6,15.25,57.2,49.3,Medium,2026-07-08T10:43:19.313889+00:00,267.9651650322808,152.37,worsening,2023,2025,2021,2025,100.0,100.0
WestGaroHills,Meghalaya,64.97433476141322,155.00128173828125,117.41083265940348,288.2053527832031,0.5978782311081886,0.4888459280133247,20.46769516468048,2.4769389629364014,286.0013333333334,425.1,2025,cams_gap_fill,March,2021,43.22315038375021,co,Moderate,Poor,Good,Good,,,Poor,0,Low,,,,,,21.05,18.35,7.2,37.95,55.3,25.18,Medium,2026-07-08T10:43:19.313889+00:00,83.55817413330078,94.63,worsening,2023,2025,2021,2025,60.1,56.7
WestGodavari,AndhraPradesh,49.62180109234264,123.23744201660156,87.15062815348307,174.2201385498047,0.4775951767961184,0.5642920166254044,13.319185606638593,2.951086664199829,236.89383333333333,396.67,2025,cams_gap_fill,December,2025,34.65767844003752,co,Satisfactory,Moderate,Good,Good,,,Poor,0,Low,,,,,,30.1,21.35,45.3,12.0,63.0,23.17,Low,2026-07-08T10:43:19.313889+00:00,62.526659700605606,97.23,worsening,2023,2025,2021,2025,37.3,46.7
WestKameng,ArunachalPradesh,10.432286797512926,20.82195472717285,11.220723986625671,29.8257064819336,0.1040666087220112,0.0239277894298235,6.851488780975342,3.3208251078923543,161.35533333333333,237.83,2025,cams_gap_fill,February,2025,15.08058830797604,co,Good,Good,Good,Good,,,Moderate,0,Low,,,,,,25.25,7.35,25.7,26.3,37.4,12.6,Low,2026-07-08T10:43:19.313889+00:00,8.082452502515581,-54.77,improving,2023,2025,2021,2025,0.9,0.9
WestKhasiHills,Meghalaya,41.61524786637208,119.83509063720705,72.82203499476115,229.6206970214844,0.4254214284320672,0.325485053534309,14.198009236653643,2.467559637626012,244.92316666666665,406.45,2025,cams_gap_fill,March,2021,30.114034461471327,co,Satisfactory,Moderate,Good,Good,,,Poor,0,Low,,,,,,16.2,6.6,8.7,61.75,51.8,18.23,Low,2026-07-08T10:43:19.313889+00:00,52.36139472325643,71.43,worsening,2023,2025,2021,2025,22.8,10.5
WestNimar,MadhyaPradesh,55.05803293879102,106.36600494384766,86.24691708882649,150.17918395996094,0.4987900344034036,0.6733073388536771,12.81514662106832,2.5401994327704114,231.6015,358.93,2025,cams_gap_fill,January,2024,44.12684480178296,co,Satisfactory,Moderate,Good,Good,,,Poor,2,Low,,,,,,,,,,,21.48,Low,2026-07-08T10:43:19.313889+00:00,61.13627412584093,25.5,worsening,2023,2025,2021,2025,49.9,35.1
WestSiang,ArunachalPradesh,11.580046054919782,29.89234733581543,16.267739311854044,58.79370880126953,0.1141189003984133,0.0479456095024942,6.574965520699819,2.531082862615585,157.7335,212.18,2025,cams_gap_fill,March,2021,11.817478259153493,co,Good,Good,Good,Good,,,Moderate,0,Low,,,,,,36.9,10.15,27.4,30.6,30.5,14.76,Low,2026-07-08T10:43:19.313889+00:00,11.713834252622393,-17.53,improving,2023,2025,2021,2025,2.1,3.3
WestSikkim,Sikkim,57.96167515552405,133.05929565429688,104.294509379069,187.3170928955078,0.6517461468776067,0.5252368301153183,24.477502489089964,2.5429396947224934,317.1356666666667,428.65,2025,cams_gap_fill,January,2023,39.80083289514367,co,Satisfactory,Poor,Good,Good,,,Very Poor,0,Low,,,,,,,,,,,24.92,Low,2026-07-08T10:43:19.313889+00:00,75.31266408496433,123.02,worsening,2023,2025,2021,2025,53.6,55.8
WestTripura,Tripura,79.28983243987422,174.33187866210938,124.76208578745523,279.0701599121094,0.6709421202540398,0.6031553571422895,20.643369340896605,2.374146906534831,283.886,422.01,2025,cams_gap_fill,March,2021,66.54462055224309,co,Moderate,Very Poor,Good,Good,,,Poor,0,Low,,,,,,26.1,18.4,26.8,51.45,67.3,27.58,Medium,2026-07-08T10:43:19.313889+00:00,89.74465142356024,26.07,worsening,2023,2025,2021,2025,70.0,68.0
Wokha,Nagaland,40.76594892030497,157.76840209960938,75.56727835337321,328.32391357421875,0.4265293642878532,0.3570617732902368,16.03022632598877,2.3121213455994925,251.173,438.65,2025,cams_gap_fill,March,2022,31.693282266058503,co,Satisfactory,Moderate,Good,Good,,,Poor,0,Low,0.02,0.0,0.0,1.42,0.07,30.0,15.5,18.3,31.65,30.9,21.89,Low,2026-07-08T10:43:19.313889+00:00,49.54768270916409,51.08,worsening,2023,2025,2021,2025,21.6,38.6
Y.S.R.,AndhraPradesh,34.568817475431764,78.91378784179688,56.980603504180905,111.61995697021484,0.5320715015133222,0.4646127020319303,9.375261290868124,2.576428602139155,195.12733333333333,325.47,2025,cams_gap_fill,December,2025,28.12219183810885,co,Satisfactory,Satisfactory,Good,Good,,,Moderate,1,Low,,,,,,,,,,,17.4,Low,2026-07-08T10:43:19.313889+00:00,39.47713033358256,51.87,worsening,2023,2025,2021,2025,10.9,7.8
Yadgir,Karnataka,43.342998809540994,98.97570037841795,72.93004283905029,139.87078857421875,0.8828526372710864,1.2060286129514377,10.992844168345131,2.45280703107516,215.69816666666665,349.27,2025,cams_gap_fill,December,2025,31.53411279357035,co,Satisfactory,Moderate,Good,Good,,,Poor,0,Low,0.08,0.02,0.0,14.02,0.4,17.75,10.4,18.8,23.2,57.3,18.7,Low,2026-07-08T10:43:19.313889+00:00,52.3799008263482,74.26,worsening,2023,2025,2021,2025,25.3,12.7
Yamunanagar,Haryana,103.79776745639212,219.1841735839844,187.9614351908366,307.3432312011719,1.180749519666036,1.5306344509124756,31.49322969118754,2.9063272376855216,357.23400000000004,449.98,2025,cams_gap_fill,January,2024,68.22714681733696,co,Poor,Very Poor,Good,Good,,,Very Poor,0,Low,0.03,0.01,0.0,0.41,0.27,28.75,14.75,38.0,13.5,56.6,33.73,Medium,2026-07-08T10:43:19.313889+00:00,132.77280277676053,117.29,worsening,2023,2025,2021,2025,81.4,84.6
Yanam,Puducherry,34.24645198919834,79.10910034179688,51.93335262934367,112.28479766845705,0.1271186062445242,0.2439834880332151,7.650877821445465,3.809898408253988,172.12483333333333,318.67,2025,cams_gap_fill,December,2025,30.563108108248336,co,Satisfactory,Satisfactory,Good,Good,,,Moderate,0,Low,0.05,0.14,0.0,42.28,0.61,32.75,23.35,51.6,5.55,43.1,20.33,Low,2026-07-08T10:43:19.313889+00:00,38.03767670525445,28.23,worsening,2023,2025,2021,2025,10.7,23.2
Yavatmal,Maharashtra,50.20771452140237,97.36052703857422,76.71843357086182,137.60940551757812,0.4754402895768483,0.4895497500896454,11.282665022214251,2.84595225850741,217.25816666666665,341.08,2025,cams_gap_fill,December,2025,40.95955669071434,co,Satisfactory,Moderate,Good,Good,,,Poor,23,High,0.33,0.04,0.0,12.65,1.2,17.7,10.65,10.5,29.45,58.4,24.62,Low,2026-07-08T10:43:19.313889+00:00,55.35470962524414,26.21,worsening,2023,2025,2021,2025,38.9,55.3
Zunheboto,Nagaland,38.65511576941642,157.76840209960938,75.56727835337321,328.32391357421875,0.4265293642878532,0.3570617732902368,16.03022632598877,2.3121213455994925,251.173,438.65,2025,cams_gap_fill,March,2022,27.3395631867205,co,Satisfactory,Moderate,Good,Good,,,Poor,0,Low,0.02,0.0,0.0,1.42,0.07,37.2,10.5,8.9,28.45,31.1,21.97,Low,2026-07-08T10:43:19.313889+00:00,49.54768270916409,87.29,worsening,2023,2025,2021,2025,16.4,39.7
